{
  "type": "FeatureCollection",
  "features": [
    {
      "type": "Feature",
      "id": "goryeo-1",
      "geometry": {
        "type": "MultiPolygon",
        "coordinates": [
          [
            [
              [
                125.47781632556213,
                38.684283760557314
              ],
              [
                125.49523660401391,
                38.684726667626535
              ],
              [
                125.77329020363872,
                38.75853978457377
              ],
              [
                126.19151796728357,
                38.84523642345846
              ],
              [
                126.52334415557253,
                38.900590811508415
              ],
              [
                126.89078600037415,
                38.96638409416567
              ],
              [
                127.17114629663737,
                39.0033135829229
              ],
              [
                127.27518359894788,
                38.90700725239126
              ],
              [
                127.20643382577495,
                39.02972674797715
              ],
              [
                127.13709779400804,
                39.11186702153243
              ],
              [
                126.97928331745123,
                39.11403131381497
              ],
              [
                126.90946658583825,
                39.16883049765834
              ],
              [
                126.91003181350727,
                39.263380540534705
              ],
              [
                126.85775561815547,
                39.34495114500951
              ],
              [
                126.71723598367083,
                39.40008962553881
              ],
              [
                126.73514191293307,
                39.48105115493656
              ],
              [
                126.91186283152607,
                39.560524837873885
              ],
              [
                126.94779232299764,
                39.65465004509517
              ],
              [
                127.0368874331476,
                39.74799052943814
              ],
              [
                127.19679187166919,
                39.81286136687073
              ],
              [
                127.21594677257535,
                39.947484016098116
              ],
              [
                126.80819796900994,
                39.99385908097856
              ],
              [
                126.38232467759381,
                40.036402267729954
              ],
              [
                126.13355056639367,
                40.10326404862357
              ],
              [
                125.75977160423137,
                40.18067755140345
              ],
              [
                125.20791449073234,
                40.2098392979823
              ],
              [
                124.72769184564916,
                40.194065749038586
              ],
              [
                124.58643077018088,
                40.147616061180315
              ],
              [
                124.42904012937639,
                40.04551209658055
              ],
              [
                124.37918758525322,
                39.920741643977856
              ],
              [
                124.37994352476494,
                39.89356549055962
              ],
              [
                124.36813530532255,
                39.89300112949843
              ],
              [
                124.36261272039711,
                39.87912899768215
              ],
              [
                124.36414042949205,
                39.82477371405321
              ],
              [
                124.39953245355947,
                39.826467682924005
              ],
              [
                124.400284242739,
                39.79929212271081
              ],
              [
                124.4356637613488,
                39.800958845793886
              ],
              [
                124.43603336657026,
                39.78737216752368
              ],
              [
                124.47140692577509,
                39.78901048194687
              ],
              [
                124.47213355748143,
                39.76183932907926
              ],
              [
                124.48981401102407,
                39.762648559838496
              ],
              [
                124.49017431053525,
                39.74906350380501
              ],
              [
                124.5432067320557,
                39.7514485830929
              ],
              [
                124.54355738361082,
                39.73786523067715
              ],
              [
                124.56123187774847,
                39.7386460527765
              ],
              [
                124.56157942740019,
                39.72506324110632
              ],
              [
                124.59692230960859,
                39.726603869528155
              ],
              [
                124.59726348433057,
                39.71302218003963
              ],
              [
                124.66793791658506,
                39.716017048031496
              ],
              [
                124.66826617032466,
                39.702437643596774
              ],
              [
                124.68593187201674,
                39.70316845982329
              ],
              [
                124.68690784089388,
                39.662431746684334
              ],
              [
                124.7222200461059,
                39.66387468910482
              ],
              [
                124.72253916525811,
                39.65029686621631
              ],
              [
                124.77549875396151,
                39.6524075775327
              ],
              [
                124.77580822515766,
                39.638831458261926
              ],
              [
                124.84640997125702,
                39.641544565399265
              ],
              [
                124.8467065214708,
                39.6279707311823
              ],
              [
                124.88200172843932,
                39.62928409032507
              ],
              [
                124.88229190372336,
                39.61571137828976
              ],
              [
                124.89993645417417,
                39.61635754997271
              ],
              [
                124.90108577443391,
                39.56206862067069
              ],
              [
                124.88345431608836,
                39.56142012324343
              ],
              [
                124.88374534698681,
                39.547847207755574
              ],
              [
                124.8661173083295,
                39.54719073600921
              ],
              [
                124.86670642954776,
                39.520043620089815
              ],
              [
                124.88432792215245,
                39.52070125470834
              ],
              [
                124.88461946641958,
                39.50712821714897
              ],
              [
                124.90223783265988,
                39.50777904032055
              ],
              [
                124.9025262750236,
                39.49420654350675
              ],
              [
                124.92014151489947,
                39.4948505552314
              ],
              [
                124.92042685535976,
                39.48127859916316
              ],
              [
                124.95565122904465,
                39.482545606835615
              ],
              [
                124.95593019457517,
                39.46897477294903
              ],
              [
                125.04397733023922,
                39.47201582385786
              ],
              [
                125.04371472984026,
                39.48558375056404
              ],
              [
                125.11416817039118,
                39.48788119365258
              ],
              [
                125.112923195766,
                39.55570858810426
              ],
              [
                125.30686227333611,
                39.561384664764915
              ],
              [
                125.30707492272587,
                39.54782566305248
              ],
              [
                125.35996065924805,
                39.54922017772493
              ],
              [
                125.36016366068175,
                39.53566287963023
              ],
              [
                125.39541500562011,
                39.53655675453565
              ],
              [
                125.39561163212409,
                39.5230005786226
              ],
              [
                125.41323425155981,
                39.523437008186875
              ],
              [
                125.41342777616036,
                39.5098813730194
              ],
              [
                125.44866690896494,
                39.51073321637106
              ],
              [
                125.44904137942943,
                39.4836241497089
              ],
              [
                125.46665461977194,
                39.48404014493238
              ],
              [
                125.46720778981141,
                39.44337798406857
              ],
              [
                125.44960436854785,
                39.442960244536856
              ],
              [
                125.44998055024126,
                39.41585077096961
              ],
              [
                125.46757742545219,
                39.416269673373485
              ],
              [
                125.4677624999569,
                39.40271545699019
              ],
              [
                125.48535624880346,
                39.40312754794714
              ],
              [
                125.48553822140474,
                39.389573872309406
              ],
              [
                125.50312884388684,
                39.389979151819425
              ],
              [
                125.50366596934911,
                39.34931962507141
              ],
              [
                125.48608516594594,
                39.348912601253154
              ],
              [
                125.48645065125454,
                39.321804883763114
              ],
              [
                125.4688765405659,
                39.32138930418969
              ],
              [
                125.46906281293083,
                39.30783480297282
              ],
              [
                125.45149212193044,
                39.307411249080296
              ],
              [
                125.45168183844459,
                39.293856125736845
              ],
              [
                125.43411456713241,
                39.29342459752523
              ],
              [
                125.43430772779578,
                39.279868852055195
              ],
              [
                125.39918017120978,
                39.27898245411077
              ],
              [
                125.39958009801042,
                39.25186851535484
              ],
              [
                125.38202308576292,
                39.251413064185954
              ],
              [
                125.38243024310779,
                39.22429779979583
              ],
              [
                125.36487992357483,
                39.223833792871766
              ],
              [
                125.3650870319579,
                39.21027551820485
              ],
              [
                125.32999337893037,
                39.209324162835536
              ],
              [
                125.33020720448896,
                39.19576468460597
              ],
              [
                125.31266387099437,
                39.195277336160714
              ],
              [
                125.31353397656291,
                39.141036690593005
              ],
              [
                125.2960038818355,
                39.14053962352041
              ],
              [
                125.2966680768812,
                39.09985696778605
              ],
              [
                125.27914794789466,
                39.09935076352221
              ],
              [
                125.28050059646195,
                39.01798086479326
              ],
              [
                125.26300025229521,
                39.01746377902993
              ],
              [
                125.26368870581682,
                38.97677653603535
              ],
              [
                125.28117923090461,
                38.97729536610692
              ],
              [
                125.28185940545329,
                38.936609501206014
              ],
              [
                125.26437869944444,
                38.9360889268262
              ],
              [
                125.26507023317806,
                38.895400951402465
              ],
              [
                125.24759949291008,
                38.89487123983139
              ],
              [
                125.24783361942673,
                38.88130791853972
              ],
              [
                125.17796521707919,
                38.87911281768102
              ],
              [
                125.17821260682399,
                38.8655471299545
              ],
              [
                125.16074914591819,
                38.86497929109622
              ],
              [
                125.16175350823153,
                38.810713807540786
              ],
              [
                125.14430328609292,
                38.81013625005517
              ],
              [
                125.14455807750477,
                38.79656919600396
              ],
              [
                125.12711127505439,
                38.795983664199255
              ],
              [
                125.12736951061548,
                38.782415988021455
              ],
              [
                125.14481304003955,
                38.78300210126225
              ],
              [
                125.1450681736972,
                38.769434965830015
              ],
              [
                125.19738982286192,
                38.77115069256256
              ],
              [
                125.19763530856349,
                38.757585260748066
              ],
              [
                125.2673864686113,
                38.759771721773625
              ],
              [
                125.26761903333053,
                38.74620857501295
              ],
              [
                125.28505391697095,
                38.74673728949789
              ],
              [
                125.28528337978675,
                38.73317468348278
              ],
              [
                125.32014704100065,
                38.73421109667579
              ],
              [
                125.32037012888671,
                38.72064961284234
              ],
              [
                125.35522783069564,
                38.72165761737546
              ],
              [
                125.35544454365194,
                38.70809725572366
              ],
              [
                125.37287034152298,
                38.708590750101784
              ],
              [
                125.37308395257585,
                38.69503092919555
              ],
              [
                125.47762218154425,
                38.697840133537575
              ],
              [
                125.47781632556213,
                38.684283760557314
              ]
            ]
          ],
          [
            [
              [
                124.71202218436598,
                39.35084332017184
              ],
              [
                124.71169602748388,
                39.364422619687616
              ],
              [
                124.6941120047878,
                39.3636846604421
              ],
              [
                124.69345365833965,
                39.39084430027429
              ],
              [
                124.65827296082793,
                39.389348528878536
              ],
              [
                124.65793749823555,
                39.402929450631035
              ],
              [
                124.62275084131885,
                39.4014052705754
              ],
              [
                124.62309284996385,
                39.387823185950744
              ],
              [
                124.6055030145247,
                39.38704942516233
              ],
              [
                124.6058484673189,
                39.3734667184111
              ],
              [
                124.58826205156798,
                39.37268498330359
              ],
              [
                124.58861094851137,
                39.35910165442576
              ],
              [
                124.44795108654324,
                39.35257697828868
              ],
              [
                124.44832633882007,
                39.33898895723169
              ],
              [
                124.43074778907898,
                39.338139523304925
              ],
              [
                124.43150535305395,
                39.31096219624727
              ],
              [
                124.44907735674242,
                39.311812793046194
              ],
              [
                124.44945312238791,
                39.298224649917685
              ],
              [
                124.46702199971197,
                39.29906843526968
              ],
              [
                124.46739466345407,
                39.28548083288674
              ],
              [
                124.55522488487148,
                39.289591773581954
              ],
              [
                124.55558135460485,
                39.2760070376889
              ],
              [
                124.62583507954791,
                39.279165044095194
              ],
              [
                124.62549170191981,
                39.29274745424392
              ],
              [
                124.66062599041544,
                39.29428093727684
              ],
              [
                124.66028932996285,
                39.30786214386289
              ],
              [
                124.67785996722986,
                39.308617214618764
              ],
              [
                124.67752675092646,
                39.322197799078225
              ],
              [
                124.69510080788169,
                39.32294489551499
              ],
              [
                124.6944414346962,
                39.35010477949024
              ],
              [
                124.71202218436598,
                39.35084332017184
              ]
            ]
          ],
          [
            [
              [
                125.08331735339259,
                39.256106738786805
              ],
              [
                125.1008751454139,
                39.2566872875308
              ],
              [
                125.1001091009238,
                39.297387665797515
              ],
              [
                125.08254148982354,
                39.296808861361754
              ],
              [
                125.08202510305863,
                39.323943406292514
              ],
              [
                125.02930351157144,
                39.322166124303656
              ],
              [
                125.02957143847141,
                39.308597127875295
              ],
              [
                125.01200114099248,
                39.30798933334358
              ],
              [
                125.01363193413081,
                39.22657101165621
              ],
              [
                124.9960814214717,
                39.225952335624996
              ],
              [
                124.99635709228453,
                39.21238189149092
              ],
              [
                125.01390433191733,
                39.21300114895821
              ],
              [
                125.01499563429225,
                39.1587212912611
              ],
              [
                125.05006436933306,
                39.159942279035306
              ],
              [
                125.04979783310762,
                39.17351114162318
              ],
              [
                125.06733569364721,
                39.17410996474968
              ],
              [
                125.06707260157097,
                39.18767820521097
              ],
              [
                125.10215530868851,
                39.188852509942784
              ],
              [
                125.10164273001,
                39.215986543049524
              ],
              [
                125.08409475706765,
                39.21540424999728
              ],
              [
                125.08331735339259,
                39.256106738786805
              ]
            ]
          ]
        ]
      },
      "properties": {
        "name": "西北面",
        "native_name": "서북면",
        "year": 1370,
        "source_map_label": "北界",
        "source_label_pixel": [
          165,
          337
        ],
        "map_year": null,
        "date_precision": "historical_period",
        "boundary_basis": "digitized_published_map"
      }
    },
    {
      "type": "Feature",
      "id": "goryeo-2",
      "geometry": {
        "type": "Polygon",
        "coordinates": [
          [
            [
              127.27518359894788,
              38.90700725239126
            ],
            [
              127.37846819076577,
              38.770003490025246
            ],
            [
              127.552250037957,
              38.71205859365529
            ],
            [
              127.72601518133152,
              38.66690172192942
            ],
            [
              127.86601503641377,
              38.68956664714497
            ],
            [
              128.03845273542643,
              38.58923180637982
            ],
            [
              128.08806542599706,
              38.46606210690587
            ],
            [
              128.17162740805028,
              38.31456350509632
            ],
            [
              128.2715239220346,
              38.13529201783942
            ],
            [
              128.28555545226033,
              37.99992743612236
            ],
            [
              128.43719621766132,
              37.84507400656488
            ],
            [
              128.5866918165897,
              37.63591313332322
            ],
            [
              128.63555675081415,
              37.53918604907989
            ],
            [
              128.58097985380184,
              37.43408675635331
            ],
            [
              128.61335604920401,
              37.365136719064594
            ],
            [
              128.4741220199362,
              37.290894198261405
            ],
            [
              128.5065320513649,
              37.2220259861022
            ],
            [
              128.65885848655415,
              37.160777480365596
            ],
            [
              128.74225487274842,
              37.08914696917825
            ],
            [
              128.68905191714256,
              37.024525008974976
            ],
            [
              128.70490593440283,
              36.98329913753321
            ],
            [
              128.78888526519373,
              36.938500290817245
            ],
            [
              128.95880514611173,
              36.91561751787323
            ],
            [
              129.04258478331016,
              36.870301509990554
            ],
            [
              129.14425486097366,
              36.85063798518985
            ],
            [
              129.27891302329525,
              36.801628852292346
            ],
            [
              129.44743636565624,
              36.74981112615577
            ],
            [
              129.44797811990787,
              36.76323818056504
            ],
            [
              129.43096909413345,
              36.764423954164464
            ],
            [
              129.43150774648163,
              36.777851549319315
            ],
            [
              129.41449559434278,
              36.779030511471795
            ],
            [
              129.41663882285908,
              36.83274281093042
            ],
            [
              129.39961372527688,
              36.83391670594422
            ],
            [
              129.40067982021972,
              36.86077377440264
            ],
            [
              129.38364832324683,
              36.86194143940559
            ],
            [
              129.38417835437627,
              36.87537049403512
            ],
            [
              129.36714373103896,
              36.87653134759113
            ],
            [
              129.3681977606139,
              36.903390497650825
            ],
            [
              129.3511567378859,
              36.90454512119599
            ],
            [
              129.3516807363314,
              36.917975216626154
            ],
            [
              129.33463658723895,
              36.91912302872439
            ],
            [
              129.3367212001445,
              36.97284532928428
            ],
            [
              129.3196641056087,
              36.97398807424383
            ],
            [
              129.3217383643752,
              37.027712049499904
            ],
            [
              129.3046683243961,
              37.02884972732077
            ],
            [
              129.30673222902357,
              37.082575377273024
            ],
            [
              129.28964924360108,
              37.08370798795519
            ],
            [
              129.29118914978315,
              37.12400354247728
            ],
            [
              129.27409649194362,
              37.12513050458468
            ],
            [
              129.27665005957317,
              37.19229185549174
            ],
            [
              129.259541183264,
              37.19341433189652
            ],
            [
              129.2605572621234,
              37.22027975029795
            ],
            [
              129.24344198642348,
              37.221395996691896
            ],
            [
              129.24495756905534,
              37.261695563423444
            ],
            [
              129.2278326209384,
              37.26280616124262
            ],
            [
              129.22833488436848,
              37.27623985020821
            ],
            [
              129.21120680988713,
              37.27734363658045
            ],
            [
              129.21320448273113,
              37.331080311282015
            ],
            [
              129.16178186294272,
              37.33435429033363
            ],
            [
              129.162271889882,
              37.34779010159099
            ],
            [
              129.1451280369167,
              37.348867223611585
            ],
            [
              129.14561496195256,
              37.362303575614526
            ],
            [
              129.12846798262285,
              37.363373886188185
            ],
            [
              129.13040430188983,
              37.41712121303917
            ],
            [
              129.1132443771168,
              37.41818645647414
            ],
            [
              129.11468859427845,
              37.45849826867027
            ],
            [
              129.09751899708834,
              37.45955786353047
            ],
            [
              129.09799747202837,
              37.47299563431758
            ],
            [
              129.0808247484739,
              37.474048417730856
            ],
            [
              129.08130012151045,
              37.48748672926354
            ],
            [
              129.06412427159157,
              37.48853270122988
            ],
            [
              129.06459654272473,
              37.50197155350813
            ],
            [
              129.04741756644145,
              37.503010714027546
            ],
            [
              129.04788673567117,
              37.51645010705136
            ],
            [
              129.03070463302348,
              37.51748245612385
            ],
            [
              129.03163693879895,
              37.54436228297213
            ],
            [
              129.01444843676057,
              37.545388402033765
            ],
            [
              129.0149115733063,
              37.55882883585822
            ],
            [
              128.99771994490345,
              37.55984814347292
            ],
            [
              128.99817997954582,
              37.57328911804295
            ],
            [
              128.96379061667326,
              37.57530671749549
            ],
            [
              128.96424427638587,
              37.588748814247175
            ],
            [
              128.94704654191617,
              37.589747106085
            ],
            [
              128.94794782865745,
              37.616632340388996
            ],
            [
              128.89633586706182,
              37.619586347220896
            ],
            [
              128.8967769480378,
              37.633030647645384
            ],
            [
              128.87956998113683,
              37.634001112259405
            ],
            [
              128.88044611040485,
              37.660890753908994
            ],
            [
              128.86323274411308,
              37.66185498851217
            ],
            [
              128.86366779240515,
              37.67530032973728
            ],
            [
              128.846451299749,
              37.67625775289353
            ],
            [
              128.84774765228352,
              37.71659527673406
            ],
            [
              128.7960695970497,
              37.71942842182945
            ],
            [
              128.79649223772805,
              37.73287592603685
            ],
            [
              128.74480568337248,
              37.735644279493386
            ],
            [
              128.74563183993993,
              37.76254265445314
            ],
            [
              128.72839673575928,
              37.7634518160448
            ],
            [
              128.72880679770103,
              37.776901523924984
            ],
            [
              128.6943304832728,
              37.77869883133141
            ],
            [
              128.6947341702848,
              37.79214966139327
            ],
            [
              128.67749296003726,
              37.793037807208044
            ],
            [
              128.67829430137726,
              37.81994050813237
            ],
            [
              128.661046691739,
              37.82082242393629
            ],
            [
              128.66263833578844,
              37.874629663243184
            ],
            [
              128.679899037532,
              37.873745421694935
            ],
            [
              128.68030064937787,
              37.887196548359306
            ],
            [
              128.66303667460807,
              37.88808137134363
            ],
            [
              128.66423271780417,
              37.92843625150193
            ],
            [
              128.64695907061727,
              37.92931542591149
            ],
            [
              128.6477507423098,
              37.95621963876997
            ],
            [
              128.6304706957322,
              37.957092583168674
            ],
            [
              128.6308635152365,
              37.97054520999824
            ],
            [
              128.5617317034399,
              37.97396538450729
            ],
            [
              128.5632523242649,
              38.02778478789772
            ],
            [
              128.5805481493265,
              38.026938507850666
            ],
            [
              128.5809320053663,
              38.04039267553591
            ],
            [
              128.56363290727842,
              38.04123953701906
            ],
            [
              128.56477568305618,
              38.081603540240025
            ],
            [
              128.54746691255127,
              38.08244475314841
            ],
            [
              128.54784490703,
              38.095899920943786
            ],
            [
              128.53053301016072,
              38.096734322405226
            ],
            [
              128.53090790273603,
              38.11019003094618
            ],
            [
              128.5135928795023,
              38.1110176209607
            ],
            [
              128.51433663196892,
              38.13793007884325
            ],
            [
              128.4623728040814,
              38.14037198020521
            ],
            [
              128.4627351179201,
              38.15382989241896
            ],
            [
              128.44541086225505,
              38.154629655209675
            ],
            [
              128.44720863316033,
              38.22192151310121
            ],
            [
              128.46454925395693,
              38.2211188431301
            ],
            [
              128.46491259453296,
              38.2345765112008
            ],
            [
              128.44756870071006,
              38.235379762607984
            ],
            [
              128.44792893938268,
              38.24883797142426
            ],
            [
              128.3958883188065,
              38.251205112656024
            ],
            [
              128.39658967136248,
              38.27812489683352
            ],
            [
              128.37923654510826,
              38.27890032101691
            ],
            [
              128.38132507156772,
              38.359662185593685
            ],
            [
              128.36395245381752,
              38.36043370551056
            ],
            [
              128.365335135143,
              38.414276460495884
            ],
            [
              128.34794957194944,
              38.415042913274064
            ],
            [
              128.35138552360232,
              38.5496527667626
            ],
            [
              128.33396737680755,
              38.55041764101857
            ],
            [
              128.3349916801208,
              38.590801547908455
            ],
            [
              128.31756386090896,
              38.591560773589656
            ],
            [
              128.31824103934628,
              38.618484337602524
            ],
            [
              128.30080682074373,
              38.61923733327288
            ],
            [
              128.30147813761997,
              38.64616189739587
            ],
            [
              128.2840375196267,
              38.64690866305538
            ],
            [
              128.28503595928382,
              38.6872969483693
            ],
            [
              128.21523567761403,
              38.690217059410145
            ],
            [
              128.21555574097357,
              38.70368206554476
            ],
            [
              128.1981027641846,
              38.70439419253353
            ],
            [
              128.19841972564072,
              38.71785973941372
            ],
            [
              128.18096362248735,
              38.71856505495554
            ],
            [
              128.18127748204006,
              38.732031142581306
            ],
            [
              128.1463591696664,
              38.7334207578881
            ],
            [
              128.14666665428936,
              38.7468879676955
            ],
            [
              128.1292044450691,
              38.74757226746046
            ],
            [
              128.12950882778856,
              38.761040018013446
            ],
            [
              128.07711326102026,
              38.7630503043185
            ],
            [
              128.07740799578372,
              38.776519758489215
            ],
            [
              128.05993982715847,
              38.7771756495943
            ],
            [
              128.0602314600185,
              38.79064564451058
            ],
            [
              128.04276016502882,
              38.79129472416873
            ],
            [
              128.04304869598545,
              38.80476525983059
            ],
            [
              127.99062587190899,
              38.8066698858152
            ],
            [
              127.99118380903299,
              38.833614323683875
            ],
            [
              127.9387426667558,
              38.83545590233787
            ],
            [
              127.93901207292319,
              38.84892980454468
            ],
            [
              127.90404549866201,
              38.85012172210446
            ],
            [
              127.90430852989967,
              38.86359674649293
            ],
            [
              127.86933599623349,
              38.8647602553928
            ],
            [
              127.86959265254139,
              38.87823640196292
            ],
            [
              127.79963625304673,
              38.88047703091088
            ],
            [
              127.80061222108617,
              38.934390513263565
            ],
            [
              127.78311039576201,
              38.93493451403735
            ],
            [
              127.78335154255277,
              38.94841336433533
            ],
            [
              127.76584659086421,
              38.94895055366218
            ],
            [
              127.7670385265298,
              39.01634710197485
            ],
            [
              127.74951735637157,
              39.01687980559909
            ],
            [
              127.74975298384706,
              39.03035957462618
            ],
            [
              127.73222868732445,
              39.03088546680349
            ],
            [
              127.73269390959145,
              39.0578460456583
            ],
            [
              127.69763266442664,
              39.058877977108224
            ],
            [
              127.6978589861918,
              39.07235936837203
            ],
            [
              127.68032531057598,
              39.072864826208544
            ],
            [
              127.6807719214224,
              39.099828649536796
            ],
            [
              127.62815213638845,
              39.101304154364776
            ],
            [
              127.6294371614034,
              39.182205113626736
            ],
            [
              127.61187788822468,
              39.18268565141986
            ],
            [
              127.6125128918122,
              39.22313732603721
            ],
            [
              127.63008198406988,
              39.22265504393586
            ],
            [
              127.63180904058763,
              39.3305197343778
            ],
            [
              127.66700003350975,
              39.32952368854875
            ],
            [
              127.66722323168011,
              39.343005428874534
            ],
            [
              127.68482222116036,
              39.34249573519943
            ],
            [
              127.68504886347992,
              39.35597685339863
            ],
            [
              127.66744660097335,
              39.356487128509826
            ],
            [
              127.66834178937523,
              39.41041352014587
            ],
            [
              127.7035726452608,
              39.40938092555182
            ],
            [
              127.70449675583944,
              39.46330201465109
            ],
            [
              127.72212549588036,
              39.46277230228523
            ],
            [
              127.72236022435857,
              39.476251891397695
            ],
            [
              127.70472821129133,
              39.47678218519964
            ],
            [
              127.70519163556378,
              39.50374240422521
            ],
            [
              127.68755322310581,
              39.504266468016304
            ],
            [
              127.68778191890004,
              39.51774709792941
            ],
            [
              127.67014038007768,
              39.51826435027356
            ],
            [
              127.67104378237828,
              39.5721887887652
            ],
            [
              127.6886984133059,
              39.571669210676724
            ],
            [
              127.68938758090063,
              39.612110367986865
            ],
            [
              127.70705217756912,
              39.61158165270712
            ],
            [
              127.70751902429934,
              39.638541057922524
            ],
            [
              127.72519031368236,
              39.638003786887616
            ],
            [
              127.72542726675813,
              39.651482847023466
            ],
            [
              127.7431019758294,
              39.65093760166946
            ],
            [
              127.74334237305436,
              39.66441603967872
            ],
            [
              127.7256643909568,
              39.66496186646881
            ],
            [
              127.72590168627835,
              39.678440845223655
            ],
            [
              127.70822057781636,
              39.678979860566805
            ],
            [
              127.70845477123449,
              39.69245938006721
            ],
            [
              127.6907705364081,
              39.69299158396343
            ],
            [
              127.69100162792279,
              39.706471644209415
            ],
            [
              127.673314266732,
              39.7069970366587
            ],
            [
              127.67354225634327,
              39.72047763765025
            ],
            [
              127.65585176878808,
              39.7209962186526
            ],
            [
              127.65675234635677,
              39.77492054145805
            ],
            [
              127.67450168137255,
              39.77709571747442
            ],
            [
              127.53384641157194,
              39.84578472619369
            ],
            [
              127.21594677257535,
              39.947484016098116
            ],
            [
              127.19679187166919,
              39.81286136687073
            ],
            [
              127.0368874331476,
              39.74799052943814
            ],
            [
              126.94779232299764,
              39.65465004509517
            ],
            [
              126.91186283152607,
              39.560524837873885
            ],
            [
              126.73514191293307,
              39.48105115493656
            ],
            [
              126.71723598367083,
              39.40008962553881
            ],
            [
              126.85775561815547,
              39.34495114500951
            ],
            [
              126.91003181350727,
              39.263380540534705
            ],
            [
              126.90946658583825,
              39.16883049765834
            ],
            [
              126.97928331745123,
              39.11403131381497
            ],
            [
              127.13709779400804,
              39.11186702153243
            ],
            [
              127.20643382577495,
              39.02972674797715
            ],
            [
              127.27518359894788,
              38.90700725239126
            ]
          ]
        ]
      },
      "properties": {
        "name": "東北面",
        "native_name": "동북면",
        "year": 1370,
        "source_map_label": "東界",
        "source_label_pixel": [
          264,
          337
        ],
        "map_year": null,
        "date_precision": "historical_period",
        "boundary_basis": "digitized_published_map"
      }
    },
    {
      "type": "Feature",
      "id": "goryeo-3",
      "geometry": {
        "type": "MultiPolygon",
        "coordinates": [
          [
            [
              [
                125.54203505580104,
                37.83156666471351
              ],
              [
                125.55924957358063,
                37.83202402360676
              ],
              [
                125.55886607939419,
                37.859137204392205
              ],
              [
                125.57608728988832,
                37.85958600753027
              ],
              [
                125.57533544709541,
                37.91380955507074
              ],
              [
                125.64427412411214,
                37.915521535815635
              ],
              [
                125.64462351905229,
                37.88841449491506
              ],
              [
                125.66185200890861,
                37.88882517076592
              ],
              [
                125.66236756566157,
                37.848166048544485
              ],
              [
                125.67958638310085,
                37.84857107582058
              ],
              [
                125.6797553045713,
                37.83501853513516
              ],
              [
                125.69697099564618,
                37.83541675096431
              ],
              [
                126.24795054753203,
                37.84425621526744
              ],
              [
                126.32305759542476,
                37.85594572449791
              ],
              [
                126.28228319605402,
                37.87162166391869
              ],
              [
                126.19586801750715,
                37.92495908116038
              ],
              [
                126.12658041030748,
                37.97834186211495
              ],
              [
                126.14344016342908,
                38.04622381675072
              ],
              [
                126.21225749225769,
                38.10107438433337
              ],
              [
                126.29852807415182,
                38.14238278688372
              ],
              [
                126.40220558336041,
                38.183569129785496
              ],
              [
                126.57527219109564,
                38.238053149299795
              ],
              [
                126.73121315076189,
                38.264791069336624
              ],
              [
                126.7368661049613,
                38.263113794984974
              ],
              [
                126.74857856299995,
                38.27823552502626
              ],
              [
                126.78361076818392,
                38.38618170850474
              ],
              [
                126.90581662117927,
                38.520433635034834
              ],
              [
                127.06324915092407,
                38.64030019183219
              ],
              [
                127.18633547193767,
                38.760046834704994
              ],
              [
                127.27518359894788,
                38.90700725239126
              ],
              [
                127.17114629663737,
                39.0033135829229
              ],
              [
                126.89078600037415,
                38.96638409416567
              ],
              [
                126.52334415557253,
                38.900590811508415
              ],
              [
                126.19151796728357,
                38.84523642345846
              ],
              [
                125.77329020363872,
                38.75853978457377
              ],
              [
                125.49523660401391,
                38.684726667626535
              ],
              [
                125.47781632556213,
                38.684283760557314
              ],
              [
                125.47859461286251,
                38.63005786173119
              ],
              [
                125.46118757317791,
                38.62960523603464
              ],
              [
                125.46138584583656,
                38.61604807816577
              ],
              [
                125.44398222584019,
                38.61558747815013
              ],
              [
                125.44418394264804,
                38.60202969815466
              ],
              [
                125.35718440772644,
                38.599612897650914
              ],
              [
                125.35696632578701,
                38.61317358482679
              ],
              [
                125.23515022551287,
                38.60948363308764
              ],
              [
                125.23539121863652,
                38.5959188758592
              ],
              [
                125.21799277827131,
                38.59536158692834
              ],
              [
                125.21823721554416,
                38.58179620757332
              ],
              [
                125.14865801280774,
                38.57949079727544
              ],
              [
                125.14891571330872,
                38.56592305148558
              ],
              [
                125.06196137491281,
                38.56287204156509
              ],
              [
                125.06168730928023,
                38.57644269453535
              ],
              [
                125.02690005450262,
                38.575171703258235
              ],
              [
                125.02718066618782,
                38.56159988741581
              ],
              [
                124.9924005441105,
                38.560298161734494
              ],
              [
                124.99268787297122,
                38.54672514232941
              ],
              [
                124.97530130495174,
                38.54606260872815
              ],
              [
                124.97559207796166,
                38.53248896719647
              ],
              [
                124.90606036460811,
                38.52976257821701
              ],
              [
                124.90575649949291,
                38.54333854549301
              ],
              [
                124.888370664783,
                38.5426390474767
              ],
              [
                124.88898511218892,
                38.515485909362035
              ],
              [
                124.8368481261885,
                38.513339569398546
              ],
              [
                124.83716542565476,
                38.4997611949972
              ],
              [
                124.7850395786905,
                38.49754657477837
              ],
              [
                124.78602196106343,
                38.45680597450659
              ],
              [
                124.80338727764399,
                38.45755331843745
              ],
              [
                124.80371180765444,
                38.44397361840192
              ],
              [
                124.82107399787057,
                38.44471415088585
              ],
              [
                124.82139542597758,
                38.43113499159588
              ],
              [
                124.87347305751857,
                38.433313976057846
              ],
              [
                124.8731614484905,
                38.44689139103957
              ],
              [
                124.92525021906764,
                38.44900209524621
              ],
              [
                124.92706352560569,
                38.3675474608477
              ],
              [
                124.89237680820814,
                38.366140740359995
              ],
              [
                124.89299570480921,
                38.3389865442921
              ],
              [
                124.87565911215593,
                38.33827093185157
              ],
              [
                124.8759720901671,
                38.32469319134578
              ],
              [
                124.85863891720206,
                38.32396960458616
              ],
              [
                124.85895533936245,
                38.31039124195378
              ],
              [
                124.84162558608564,
                38.309659680875065
              ],
              [
                124.84194545239522,
                38.29608069611611
              ],
              [
                124.82461911880664,
                38.29534116071831
              ],
              [
                124.82526591084714,
                38.268181906256686
              ],
              [
                124.8079462699731,
                38.26743381510371
              ],
              [
                124.80827319570399,
                38.25385354540106
              ],
              [
                124.79095697451818,
                38.25309747992899
              ],
              [
                124.79161788540125,
                38.22593565558
              ],
              [
                124.80892756053444,
                38.22669288392423
              ],
              [
                124.80958260985646,
                38.19953205968537
              ],
              [
                124.82688588559891,
                38.200283058018734
              ],
              [
                124.82851013842296,
                38.13238319251808
              ],
              [
                124.81122322781208,
                38.131629287004294
              ],
              [
                124.81155186477186,
                38.118048610396556
              ],
              [
                124.77698502958847,
                38.11651745784779
              ],
              [
                124.77732038372378,
                38.102935577677385
              ],
              [
                124.69092222748033,
                38.09897541367239
              ],
              [
                124.69127411787012,
                38.085390585631075
              ],
              [
                124.67399819963349,
                38.08457579274497
              ],
              [
                124.67435353417248,
                38.07099034257706
              ],
              [
                124.65708103562406,
                38.07016757537185
              ],
              [
                124.65815788505732,
                38.02940923641684
              ],
              [
                124.69268339065815,
                38.03105086656071
              ],
              [
                124.69303613666239,
                38.01746583506685
              ],
              [
                124.71029583642935,
                38.01827614225036
              ],
              [
                124.71064548053015,
                38.004691651502064
              ],
              [
                124.72790205393272,
                38.00549514723864
              ],
              [
                124.72859530945037,
                37.978327206542694
              ],
              [
                124.7458454834622,
                37.97912447226842
              ],
              [
                124.74722095586691,
                37.924790428334745
              ],
              [
                124.69551015013292,
                37.92236947527558
              ],
              [
                124.69586426512026,
                37.90878411825764
              ],
              [
                124.67863089622576,
                37.90796176670249
              ],
              [
                124.6789884553623,
                37.894375787557976
              ],
              [
                124.66175850615599,
                37.89354546168372
              ],
              [
                124.66211950944175,
                37.87995886041261
              ],
              [
                124.67934618562175,
                37.880789767722945
              ],
              [
                124.67970408700408,
                37.86720370719741
              ],
              [
                124.74859916623787,
                37.87045573335294
              ],
              [
                124.74894414663781,
                37.85687195788121
              ],
              [
                124.78338602017357,
                37.858454776533065
              ],
              [
                124.78304758582624,
                37.872037389132636
              ],
              [
                124.80027201561329,
                37.872817127697964
              ],
              [
                124.79960220633993,
                37.899981067953405
              ],
              [
                124.81683332884153,
                37.90075225076357
              ],
              [
                124.81650195391549,
                37.91433357841944
              ],
              [
                124.79926755838758,
                37.91356297704536
              ],
              [
                124.7972632642542,
                37.99505357709643
              ],
              [
                124.81451729794001,
                37.99582068985402
              ],
              [
                124.81385711493131,
                38.02298273480814
              ],
              [
                124.91742367326208,
                38.027423183577525
              ],
              [
                124.9177340410471,
                38.013845670062196
              ],
              [
                124.9349923743926,
                38.014560451202634
              ],
              [
                124.9371468291444,
                37.91952078731368
              ],
              [
                124.9543823979676,
                37.92023224562367
              ],
              [
                124.95468758868309,
                37.90665556945644
              ],
              [
                125.00638535604524,
                37.90874733139658
              ],
              [
                125.00845774894199,
                37.8137216690494
              ],
              [
                125.21498708375204,
                37.82147219796975
              ],
              [
                125.54203505580104,
                37.83156666471351
              ]
            ]
          ],
          [
            [
              [
                126.77434293179071,
                37.93675216914028
              ],
              [
                126.88606610571712,
                38.03420189010495
              ],
              [
                126.85821873367473,
                38.046864925444304
              ],
              [
                126.83425164635715,
                38.03453981106713
              ],
              [
                126.78222633412652,
                37.96723679017884
              ],
              [
                126.77434293179071,
                37.93675216914028
              ]
            ]
          ]
        ]
      },
      "properties": {
        "name": "西海道",
        "native_name": "서해도",
        "year": 1370,
        "source_map_label": "西海道",
        "source_label_pixel": [
          154,
          412
        ],
        "map_year": null,
        "date_precision": "historical_period",
        "boundary_basis": "digitized_published_map"
      }
    },
    {
      "type": "Feature",
      "id": "goryeo-4",
      "geometry": {
        "type": "Polygon",
        "coordinates": [
          [
            [
              126.7368661049613,
              38.263113794984974
            ],
            [
              126.8696404277064,
              38.22348414747484
            ],
            [
              126.95584136899785,
              38.15522686633667
            ],
            [
              126.938172532456,
              38.08783529379031
            ],
            [
              126.85821873367473,
              38.046864925444304
            ],
            [
              126.88606610571712,
              38.03420189010495
            ],
            [
              127.00646225397982,
              37.952110599813196
            ],
            [
              127.02301963413382,
              37.84387854212696
            ],
            [
              127.22888011742302,
              37.746746843898215
            ],
            [
              127.45157086936912,
              37.66179176224587
            ],
            [
              127.6045191850007,
              37.53693101592793
            ],
            [
              127.80928691364501,
              37.46403184058658
            ],
            [
              127.91140731806166,
              37.420469727941985
            ],
            [
              128.08277958118717,
              37.41468288940773
            ],
            [
              128.27290858038793,
              37.47479290488981
            ],
            [
              128.41120292614028,
              37.50934052209991
            ],
            [
              128.5310045671483,
              37.49037708654803
            ],
            [
              128.58097985380184,
              37.43408675635331
            ],
            [
              128.63555675081415,
              37.53918604907989
            ],
            [
              128.5866918165897,
              37.63591313332322
            ],
            [
              128.43719621766132,
              37.84507400656488
            ],
            [
              128.28555545226033,
              37.99992743612236
            ],
            [
              128.2715239220346,
              38.13529201783942
            ],
            [
              128.17162740805028,
              38.31456350509632
            ],
            [
              128.08806542599706,
              38.46606210690587
            ],
            [
              128.03845273542643,
              38.58923180637982
            ],
            [
              127.86601503641377,
              38.68956664714497
            ],
            [
              127.72601518133152,
              38.66690172192942
            ],
            [
              127.552250037957,
              38.71205859365529
            ],
            [
              127.37846819076577,
              38.770003490025246
            ],
            [
              127.27518359894788,
              38.90700725239126
            ],
            [
              127.18633547193767,
              38.760046834704994
            ],
            [
              127.06324915092407,
              38.64030019183219
            ],
            [
              126.90581662117927,
              38.520433635034834
            ],
            [
              126.78361076818392,
              38.38618170850474
            ],
            [
              126.74857856299995,
              38.27823552502626
            ],
            [
              126.7368661049613,
              38.263113794984974
            ]
          ]
        ]
      },
      "properties": {
        "name": "交州道",
        "native_name": "교주도",
        "year": 1370,
        "source_map_label": "交州道",
        "source_label_pixel": [
          282,
          432
        ],
        "map_year": null,
        "date_precision": "historical_period",
        "boundary_basis": "digitized_published_map"
      }
    },
    {
      "type": "Feature",
      "id": "goryeo-5",
      "geometry": {
        "type": "MultiPolygon",
        "coordinates": [
          [
            [
              [
                125.21498708375204,
                37.82147219796975
              ],
              [
                125.54203505580104,
                37.83156666471351
              ],
              [
                125.54262139958131,
                37.79089484404828
              ],
              [
                125.52541684754256,
                37.79042834796379
              ],
              [
                125.5256159107414,
                37.77687041159161
              ],
              [
                125.49121379270231,
                37.77591407790142
              ],
              [
                125.49141957307668,
                37.76235493796658
              ],
              [
                125.47422200707634,
                37.76186510036089
              ],
              [
                125.47443123159992,
                37.74830533829945
              ],
              [
                125.45723708528779,
                37.74780752637467
              ],
              [
                125.45766259375623,
                37.72068671730812
              ],
              [
                125.4061006729492,
                37.719145435619225
              ],
              [
                125.40543320969401,
                37.759831821108016
              ],
              [
                125.3882363770032,
                37.759305019087265
              ],
              [
                125.38778571106154,
                37.78643023549941
              ],
              [
                125.37058247898001,
                37.78589720346781
              ],
              [
                125.3703541296672,
                37.7994603320742
              ],
              [
                125.35314777122129,
                37.79892048859567
              ],
              [
                125.35291632000505,
                37.81248415794762
              ],
              [
                125.21524454805592,
                37.807903917819644
              ],
              [
                125.21498708375204,
                37.82147219796975
              ]
            ]
          ],
          [
            [
              [
                128.68905191714256,
                37.024525008974976
              ],
              [
                128.74225487274842,
                37.08914696917825
              ],
              [
                128.65885848655415,
                37.160777480365596
              ],
              [
                128.5065320513649,
                37.2220259861022
              ],
              [
                128.4741220199362,
                37.290894198261405
              ],
              [
                128.61335604920401,
                37.365136719064594
              ],
              [
                128.58097985380184,
                37.43408675635331
              ],
              [
                128.5310045671483,
                37.49037708654803
              ],
              [
                128.41120292614028,
                37.50934052209991
              ],
              [
                128.27290858038793,
                37.47479290488981
              ],
              [
                128.08277958118717,
                37.41468288940773
              ],
              [
                127.91140731806166,
                37.420469727941985
              ],
              [
                127.80928691364501,
                37.46403184058658
              ],
              [
                127.6045191850007,
                37.53693101592793
              ],
              [
                127.45157086936912,
                37.66179176224587
              ],
              [
                127.22888011742302,
                37.746746843898215
              ],
              [
                127.02301963413382,
                37.84387854212696
              ],
              [
                127.00646225397982,
                37.952110599813196
              ],
              [
                126.88606610571712,
                38.03420189010495
              ],
              [
                126.77434293179071,
                37.93675216914028
              ],
              [
                126.76478041649028,
                37.89973122855762
              ],
              [
                126.66130140928077,
                37.85943719494015
              ],
              [
                126.48906658697419,
                37.83221771869033
              ],
              [
                126.38575379992378,
                37.831754477564814
              ],
              [
                126.32305759542476,
                37.85594572449791
              ],
              [
                126.24795054753203,
                37.84425621526744
              ],
              [
                125.69697099564618,
                37.83541675096431
              ],
              [
                125.69713681521321,
                37.82186475102447
              ],
              [
                125.78320110538473,
                37.82374784410548
              ],
              [
                125.78335073094304,
                37.81019871065554
              ],
              [
                125.80056075593677,
                37.810553732058786
              ],
              [
                125.80070727959169,
                37.79700513935441
              ],
              [
                125.817914178221,
                37.79735334931073
              ],
              [
                125.81805759997248,
                37.78380529735192
              ],
              [
                125.88687356900361,
                37.78512653409141
              ],
              [
                125.88674323935741,
                37.7986722603059
              ],
              [
                125.92115864989708,
                37.79928735850541
              ],
              [
                125.92103503742639,
                37.81283188115722
              ],
              [
                125.97266907227919,
                37.81369733752568
              ],
              [
                125.97255545001036,
                37.82724007517874
              ],
              [
                126.07584711774547,
                37.82876789145786
              ],
              [
                126.07594110185642,
                37.81522864242128
              ],
              [
                126.11036628501078,
                37.8156799343224
              ],
              [
                126.11027884695247,
                37.829218020486806
              ],
              [
                126.19636073655342,
                37.83021396760649
              ],
              [
                126.19643180948016,
                37.816678788622475
              ],
              [
                126.23085904590127,
                37.81702658016143
              ],
              [
                126.23092374389827,
                37.80349252335907
              ],
              [
                126.29976688457823,
                37.80410171758516
              ],
              [
                126.2997152786865,
                37.817633448643214
              ],
              [
                126.36857385806229,
                37.81812203099681
              ],
              [
                126.36868991279039,
                37.777533692984115
              ],
              [
                126.35148486703251,
                37.77742089241199
              ],
              [
                126.35152716721396,
                37.76389078359066
              ],
              [
                126.26552050348486,
                37.763212980304466
              ],
              [
                126.2656975261613,
                37.72261368815622
              ],
              [
                126.28288874650436,
                37.72276577888771
              ],
              [
                126.2831140803548,
                37.668635145433925
              ],
              [
                126.3002923552545,
                37.66878216902674
              ],
              [
                126.30034584349802,
                37.6552499903731
              ],
              [
                126.3175209920333,
                37.65539020251898
              ],
              [
                126.31757137837339,
                37.641858564610914
              ],
              [
                126.33474340054427,
                37.64199196530986
              ],
              [
                126.33479068498093,
                37.62846086814737
              ],
              [
                126.35195958078742,
                37.62858745739939
              ],
              [
                126.35200376332067,
                37.61505690098247
              ],
              [
                126.36916953276273,
                37.615176678787556
              ],
              [
                126.36921061339255,
                37.601646663116206
              ],
              [
                126.40353604620982,
                37.60186520294951
              ],
              [
                126.40350151163261,
                37.61539405574871
              ],
              [
                126.43783407715016,
                37.6155818611778
              ],
              [
                126.4378062597485,
                37.629109510414324
              ],
              [
                126.45497603552644,
                37.62919174236828
              ],
              [
                126.45492746014443,
                37.656245755897636
              ],
              [
                126.47210392863693,
                37.656319432096424
              ],
              [
                126.47204216806452,
                37.69689840290339
              ],
              [
                126.48922860229789,
                37.696962941910925
              ],
              [
                126.48921163071249,
                37.71048860269615
              ],
              [
                126.54078163246298,
                37.71063611811243
              ],
              [
                126.54081910622399,
                37.64301612882242
              ],
              [
                126.55799303499973,
                37.64305342204222
              ],
              [
                126.5579977700943,
                37.62952988354877
              ],
              [
                126.57516857250565,
                37.629560365321645
              ],
              [
                126.57517020569675,
                37.61603736757376
              ],
              [
                126.60950570445253,
                37.61607731534264
              ],
              [
                126.60950096271392,
                37.602555439776424
              ],
              [
                126.62666565905836,
                37.60256490577242
              ],
              [
                126.62665781541634,
                37.58904357095177
              ],
              [
                126.64381938539637,
                37.58904622550084
              ],
              [
                126.64378706212862,
                37.548483721204065
              ],
              [
                126.62663531122753,
                37.54847932234675
              ],
              [
                126.62662815207707,
                37.534957824764064
              ],
              [
                126.57518359842423,
                37.53489852658581
              ],
              [
                126.57518642947558,
                37.52137524400437
              ],
              [
                126.50660883664384,
                37.52119035366023
              ],
              [
                126.50667424049922,
                37.46708751345211
              ],
              [
                126.60946295708672,
                37.46733444613618
              ],
              [
                126.6094600976999,
                37.453812122974355
              ],
              [
                126.62658879075487,
                37.453827984767244
              ],
              [
                126.62658282946461,
                37.440306202350996
              ],
              [
                126.66083410950763,
                37.440316910159915
              ],
              [
                126.66082177328762,
                37.42679624992532
              ],
              [
                126.72931300121135,
                37.426731276691314
              ],
              [
                126.72928774400897,
                37.413212901510526
              ],
              [
                126.74640764461839,
                37.413178757430565
              ],
              [
                126.74629523493253,
                37.359107175546676
              ],
              [
                126.69497524940587,
                37.35918045190452
              ],
              [
                126.69495739387058,
                37.34566071039904
              ],
              [
                126.66075134954835,
                37.34567143401705
              ],
              [
                126.66074021118857,
                37.3321504889489
              ],
              [
                126.64364068204665,
                37.3321441799973
              ],
              [
                126.6435904161534,
                37.23749235513339
              ],
              [
                126.66066703411111,
                37.23750273413756
              ],
              [
                126.66065726473447,
                37.22398146354533
              ],
              [
                126.72895211107921,
                37.22395137647615
              ],
              [
                126.72897497256113,
                37.237470321324054
              ],
              [
                126.78020746634871,
                37.23736838644231
              ],
              [
                126.78010993803481,
                37.19681666275179
              ],
              [
                126.79717791020889,
                37.1967696430001
              ],
              [
                126.797072102922,
                37.156219297403254
              ],
              [
                126.86530618192162,
                37.15596426679933
              ],
              [
                126.86535437199962,
                37.16947876361114
              ],
              [
                126.91654129027836,
                37.16920812107833
              ],
              [
                126.91619580218003,
                37.08813099569932
              ],
              [
                126.93323876343888,
                37.088029484372186
              ],
              [
                126.93299876839252,
                37.033979579387
              ],
              [
                126.91596889923893,
                37.03407876496982
              ],
              [
                126.9159126013109,
                37.020565605561174
              ],
              [
                126.89888615184555,
                37.0206568168249
              ],
              [
                126.89878061541076,
                36.993629213063926
              ],
              [
                126.88176085865996,
                36.993711868572476
              ],
              [
                126.88171162015321,
                36.98019742422014
              ],
              [
                126.86469528309064,
                36.98027210540961
              ],
              [
                126.86464948873312,
                36.96675703893068
              ],
              [
                126.84763657135878,
                36.96682374580105
              ],
              [
                126.84759422115046,
                36.95330805719554
              ],
              [
                126.77955711037744,
                36.953498630102594
              ],
              [
                126.77958636848052,
                36.96701664445243
              ],
              [
                126.76257418441574,
                36.96704638690774
              ],
              [
                126.76260034061536,
                36.98056494200314
              ],
              [
                126.72856986641891,
                36.98060341113691
              ],
              [
                126.72858964768879,
                36.99412308841397
              ],
              [
                126.69455321408736,
                36.99413314888784
              ],
              [
                126.69458019789056,
                37.02117470711476
              ],
              [
                126.67755565503008,
                37.02116981089934
              ],
              [
                126.67756613058968,
                37.034691110413114
              ],
              [
                126.6605384613648,
                37.03467940275077
              ],
              [
                126.660545835021,
                37.04820124301012
              ],
              [
                126.6435150394317,
                37.04818272390083
              ],
              [
                126.64351931118446,
                37.06170510490575
              ],
              [
                126.59241798530908,
                37.061606934588085
              ],
              [
                126.59242353263527,
                37.04808280927492
              ],
              [
                126.57539332369362,
                37.0480347186336
              ],
              [
                126.575402315169,
                37.034509971193856
              ],
              [
                126.55837552591558,
                37.034453906233445
              ],
              [
                126.55838796154018,
                37.02092853666711
              ],
              [
                126.54136459197498,
                37.02086449738759
              ],
              [
                126.5413804717488,
                37.007338505694676
              ],
              [
                126.52436052187183,
                37.00726649209607
              ],
              [
                126.52437984579481,
                36.99373987827656
              ],
              [
                126.50736331560609,
                36.99365989035887
              ],
              [
                126.5074090228734,
                36.966605377776155
              ],
              [
                126.49039918539921,
                36.966516834103295
              ],
              [
                126.49050574551376,
                36.91240499490743
              ],
              [
                126.47350914680675,
                36.912306732607234
              ],
              [
                126.47353948766893,
                36.898778089645916
              ],
              [
                126.4225603905983,
                36.898437201139025
              ],
              [
                126.42260072166232,
                36.884906773178955
              ],
              [
                126.37163276362784,
                36.88449760441673
              ],
              [
                126.37168308489369,
                36.87096539145792
              ],
              [
                126.354697331899,
                36.8708136346684
              ],
              [
                126.35475109731408,
                36.857280799582995
              ],
              [
                126.3377687640076,
                36.857121068474385
              ],
              [
                126.3378259735719,
                36.8435876112624
              ],
              [
                126.32084705995366,
                36.8434199058347
              ],
              [
                126.32090771366714,
                36.82988582649612
              ],
              [
                126.30393221973715,
                36.82971014674933
              ],
              [
                126.30406058658538,
                36.802640703128475
              ],
              [
                126.32102953446275,
                36.80281754574742
              ],
              [
                126.32139910379897,
                36.72161172692914
              ],
              [
                126.30444979407949,
                36.72143139569371
              ],
              [
                126.30458089889399,
                36.69436130102472
              ],
              [
                126.28763828188906,
                36.694172414034114
              ],
              [
                126.28770736400695,
                36.680636724227774
              ],
              [
                126.25382911603546,
                36.680235608725376
              ],
              [
                126.25420982373146,
                36.61255073497525
              ],
              [
                126.3049783202868,
                36.61315004044554
              ],
              [
                126.30504515611572,
                36.599614687932224
              ],
              [
                126.3727254460177,
                36.60031258727478
              ],
              [
                126.37283344683367,
                36.57324641166529
              ],
              [
                126.38974733991132,
                36.573403567165556
              ],
              [
                126.3902648811014,
                36.43807606204833
              ],
              [
                126.44090924951631,
                36.4385206143335
              ],
              [
                126.44086654442324,
                36.45205180364427
              ],
              [
                126.45775156691167,
                36.45218462053722
              ],
              [
                126.45771230596783,
                36.4657151877214
              ],
              [
                126.4746007481445,
                36.46584003029526
              ],
              [
                126.47456493134985,
                36.479369975352846
              ],
              [
                126.54213325878092,
                36.47979309107385
              ],
              [
                126.54222518427582,
                36.425682369677716
              ],
              [
                126.55910454068308,
                36.42577199214477
              ],
              [
                126.55914498411522,
                36.39871755017582
              ],
              [
                126.5760179411318,
                36.39880094263201
              ],
              [
                126.57607007062275,
                36.358220718808
              ],
              [
                126.55920693268513,
                36.35813558204357
              ],
              [
                126.5592919264988,
                36.30402572153345
              ],
              [
                126.57614197233113,
                36.3041131840422
              ],
              [
                126.57631376186406,
                36.18236885042441
              ],
              [
                126.59313449712145,
                36.182454152974884
              ],
              [
                126.59318502143216,
                36.1418737203147
              ],
              [
                126.60999608427254,
                36.14195337429041
              ],
              [
                126.61003832961032,
                36.1013743197239
              ],
              [
                126.62683972003366,
                36.10144832512483
              ],
              [
                126.62685087103237,
                36.08792247365772
              ],
              [
                126.64364913509131,
                36.087989667611716
              ],
              [
                126.64365718418661,
                36.07446435689018
              ],
              [
                126.66045232188114,
                36.074524739397255
              ],
              [
                126.66046238738774,
                36.047475158754814
              ],
              [
                126.69404303725595,
                36.07462332576236
              ],
              [
                126.77805883362977,
                36.10178169399771
              ],
              [
                126.8958065918315,
                36.142176380776625
              ],
              [
                127.03045666377513,
                36.1685654644921
              ],
              [
                127.18214891271826,
                36.20779494373964
              ],
              [
                127.333903126345,
                36.23289285214423
              ],
              [
                127.4513368940958,
                36.19049869644177
              ],
              [
                127.53583062816449,
                36.2159144396996
              ],
              [
                127.63724036722641,
                36.2407576060219
              ],
              [
                127.75579892683878,
                36.27837796048057
              ],
              [
                127.85809768663555,
                36.34305953721466
              ],
              [
                127.91065438244951,
                36.44943066166771
              ],
              [
                128.04802031845472,
                36.55294193070529
              ],
              [
                128.1524965124926,
                36.68410134049586
              ],
              [
                128.22247977330647,
                36.77584175537538
              ],
              [
                128.2932969722364,
                36.89436214778222
              ],
              [
                128.37972360970645,
                36.94467494967584
              ],
              [
                128.48297337178153,
                36.98054741577676
              ],
              [
                128.68905191714256,
                37.024525008974976
              ]
            ]
          ]
        ]
      },
      "properties": {
        "name": "楊廣道",
        "native_name": "양광도",
        "year": 1370,
        "source_map_label": "楊廣道",
        "source_label_pixel": [
          250,
          512
        ],
        "map_year": null,
        "date_precision": "historical_period",
        "boundary_basis": "digitized_published_map"
      }
    },
    {
      "type": "Feature",
      "id": "goryeo-6",
      "geometry": {
        "type": "MultiPolygon",
        "coordinates": [
          [
            [
              [
                127.4513368940958,
                36.19049869644177
              ],
              [
                127.53499667675159,
                36.14844359427359
              ],
              [
                127.61819938904092,
                36.07923769411173
              ],
              [
                127.71803767992422,
                36.00947198303761
              ],
              [
                127.80134601735192,
                35.966889565575784
              ],
              [
                127.8503386238296,
                35.88462717037784
              ],
              [
                127.86550596268303,
                35.78977792059297
              ],
              [
                127.84720121290633,
                35.69584722966944
              ],
              [
                127.79577469311852,
                35.61625289510306
              ],
              [
                127.77782796803,
                35.53575249162031
              ],
              [
                127.77596508244643,
                35.414364420566294
              ],
              [
                127.7907346060215,
                35.2925638619
              ],
              [
                127.77289107526066,
                35.212043644518076
              ],
              [
                127.70573603753463,
                35.159629471783646
              ],
              [
                127.67183407295104,
                35.10638654601152
              ],
              [
                127.70441111348822,
                35.06519255691415
              ],
              [
                127.7027199605623,
                34.94377073665104
              ],
              [
                127.71925282343496,
                34.94340623384007
              ],
              [
                127.71982482004987,
                34.983878795834116
              ],
              [
                127.78599701447538,
                34.982339878527185
              ],
              [
                127.78558932806538,
                34.9553628627103
              ],
              [
                127.83520037567669,
                34.954134538074975
              ],
              [
                127.8354139523992,
                34.96762132202041
              ],
              [
                127.85195453461975,
                34.967196513273194
              ],
              [
                127.852823644844,
                35.021140916405585
              ],
              [
                127.86937746583176,
                35.02070638903104
              ],
              [
                127.86981959373382,
                35.047677183582024
              ],
              [
                127.88638010743612,
                35.0472341004523
              ],
              [
                127.88660470109784,
                35.06071885525595
              ],
              [
                127.90316863448837,
                35.06026779780714
              ],
              [
                127.90339667229928,
                35.0737519304842
              ],
              [
                127.96966696458576,
                35.071871446114514
              ],
              [
                127.96942583466962,
                35.058389639181776
              ],
              [
                127.98599050136968,
                35.05790161731792
              ],
              [
                127.9857462695501,
                35.044420351130746
              ],
              [
                128.0188694968834,
                35.04342329162614
              ],
              [
                128.01861889013406,
                35.02994314762063
              ],
              [
                128.03517745076724,
                35.02943410997989
              ],
              [
                128.0346702045846,
                35.002474862769496
              ],
              [
                128.06777467373146,
                35.001436934583296
              ],
              [
                128.06751476127184,
                34.98795841281451
              ],
              [
                128.15026213559085,
                34.98523712407674
              ],
              [
                128.15053841318206,
                34.99871273866513
              ],
              [
                128.20019841679533,
                34.99698950651809
              ],
              [
                128.2010577335431,
                35.03741087321551
              ],
              [
                128.21762118048363,
                35.03681993242556
              ],
              [
                128.21878242397304,
                35.09071219261066
              ],
              [
                128.23535910968076,
                35.090111533193394
              ],
              [
                128.23565312138666,
                35.103583915077316
              ],
              [
                128.38487934977897,
                35.097840067661615
              ],
              [
                128.3852029898446,
                35.11130717593031
              ],
              [
                128.41837253326543,
                35.1099482808082
              ],
              [
                128.41870289050655,
                35.12341418551423
              ],
              [
                128.43529115523614,
                35.12272306719258
              ],
              [
                128.43562495662653,
                35.13618834977201
              ],
              [
                128.45221664104437,
                35.13548925713126
              ],
              [
                128.45255388658393,
                35.148953917584116
              ],
              [
                128.46914899068997,
                35.14824685062428
              ],
              [
                128.46948968037873,
                35.16171088895054
              ],
              [
                128.50268687462926,
                35.16027341350967
              ],
              [
                128.50303428149354,
                35.173736248273265
              ],
              [
                128.55284099191255,
                35.17152284418115
              ],
              [
                128.55248376596933,
                35.158061753725804
              ],
              [
                128.56908302307315,
                35.15730974803182
              ],
              [
                128.56872269522648,
                35.143849198322044
              ],
              [
                128.58531882596594,
                35.14309038118113
              ],
              [
                128.58495539621583,
                35.12963037221693
              ],
              [
                128.61814155162784,
                35.128091722158246
              ],
              [
                128.617771746948,
                35.114632835375694
              ],
              [
                128.70072333692985,
                35.11065974195666
              ],
              [
                128.70110950674126,
                35.12411572155881
              ],
              [
                128.75089203975227,
                35.121641406603025
              ],
              [
                128.75128819976555,
                35.13509560120641
              ],
              [
                128.767885943786,
                35.134255462352385
              ],
              [
                128.7686853232338,
                35.16116256661549
              ],
              [
                128.7852897599688,
                35.160313872006284
              ],
              [
                128.7860963699608,
                35.1872196506352
              ],
              [
                128.8027074994104,
                35.18636240027082
              ],
              [
                128.80311433411705,
                35.199814647113435
              ],
              [
                128.81972888325484,
                35.19894942242996
              ],
              [
                128.8201391621107,
                35.21240104714599
              ],
              [
                128.91984917499548,
                35.20705095988546
              ],
              [
                128.91941925798173,
                35.19360282378591
              ],
              [
                128.9360348337529,
                35.192685848921364
              ],
              [
                128.93343928709317,
                35.11199966643993
              ],
              [
                128.9500353713684,
                35.11107878730885
              ],
              [
                128.94960010616222,
                35.09763152924791
              ],
              [
                128.966193064073,
                35.0967038386699
              ],
              [
                128.96575469696342,
                35.083257121354535
              ],
              [
                129.01552463158828,
                35.08043143663069
              ],
              [
                129.0159728177768,
                35.093876409637815
              ],
              [
                129.03256636233527,
                35.09291914752777
              ],
              [
                129.033017992673,
                35.10636349840831
              ],
              [
                129.04961495691964,
                35.10539826197917
              ],
              [
                129.05098069374912,
                35.14572932616949
              ],
              [
                129.06758762373667,
                35.144754952549086
              ],
              [
                129.06896471975114,
                35.1850839062166
              ],
              [
                129.0855816154795,
                35.184100395404954
              ],
              [
                129.08604426275642,
                35.19754271714369
              ],
              [
                129.10266457817303,
                35.19655123201295
              ],
              [
                129.10313066959915,
                35.209992931625095
              ],
              [
                129.119754404704,
                35.20899347217526
              ],
              [
                129.12022394027932,
                35.222434549660825
              ],
              [
                129.1368510950724,
                35.22142711589191
              ],
              [
                129.13732407479694,
                35.23486757125088
              ],
              [
                129.15395464927823,
                35.23385216316286
              ],
              [
                129.15443107315195,
                35.24729199639525
              ],
              [
                129.17106506732145,
                35.246268613988136
              ],
              [
                129.17154493534443,
                35.25970782509393
              ],
              [
                129.18818234920218,
                35.25867646836773
              ],
              [
                129.18914914466933,
                35.285553605635634
              ],
              [
                129.20579325124163,
                35.28451369315426
              ],
              [
                129.20676727725302,
                35.31138950478797
              ],
              [
                129.22341807653984,
                35.31034103655143
              ],
              [
                129.22439933309542,
                35.337215522550935
              ],
              [
                129.2410568250968,
                35.33615849855923
              ],
              [
                129.24204531219652,
                35.36303165892454
              ],
              [
                129.25870949691247,
                35.361966079177655
              ],
              [
                129.25920727017302,
                35.375402016888465
              ],
              [
                129.27587487457717,
                35.37432846282249
              ],
              [
                129.27637609198692,
                35.387763778406715
              ],
              [
                129.29304711607932,
                35.38668225002165
              ],
              [
                129.2945616141248,
                35.42698620832302
              ],
              [
                129.27788077095346,
                35.42806948101634
              ],
              [
                129.279386990026,
                35.46837481741137
              ],
              [
                129.29607765227632,
                35.46728980040982
              ],
              [
                129.29708919999175,
                35.494158658348475
              ],
              [
                129.31378655495655,
                35.49306508559176
              ],
              [
                129.3148053332162,
                35.519932617896224
              ],
              [
                129.33150938089557,
                35.51883048938433
              ],
              [
                129.33202229973605,
                35.53226361306472
              ],
              [
                129.36543738113318,
                35.53003601451974
              ],
              [
                129.36595701714919,
                35.54346793463746
              ],
              [
                129.38266805086693,
                35.54234246460437
              ],
              [
                129.3831911310321,
                35.5557737625955
              ],
              [
                129.39990558443807,
                35.55464031824331
              ],
              [
                129.40043210875248,
                35.568070994107856
              ],
              [
                129.41714998184668,
                35.56692957543659
              ],
              [
                129.41874040060617,
                35.607219614578916
              ],
              [
                129.4354682394412,
                35.60606905871639
              ],
              [
                129.43813872496307,
                35.67321540296303
              ],
              [
                129.45488307559162,
                35.67205454703709
              ],
              [
                129.4564972394584,
                35.71234012099073
              ],
              [
                129.47325155582777,
                35.71117012787354
              ],
              [
                129.47596161652842,
                35.77830903013903
              ],
              [
                129.49273244469134,
                35.77712873695843
              ],
              [
                129.49600980274533,
                35.857690588273755
              ],
              [
                129.51280041572807,
                35.85649941359366
              ],
              [
                129.516103572364,
                35.9370563114342
              ],
              [
                129.53291397016653,
                35.935854255254604
              ],
              [
                129.53346836822897,
                35.94927968104183
              ],
              [
                129.5502821857197,
                35.94806965054315
              ],
              [
                129.5513980412658,
                35.97491921717392
              ],
              [
                129.53457767772244,
                35.97613041054476
              ],
              [
                129.53790971315235,
                36.05668162248135
              ],
              [
                129.52106985811298,
                36.05788891158566
              ],
              [
                129.52162252325508,
                36.071314552594394
              ],
              [
                129.50477954185132,
                36.07251503025177
              ],
              [
                129.50587883945158,
                36.099367353069866
              ],
              [
                129.4890294586571,
                36.1005616007164
              ],
              [
                129.48957609111523,
                36.11398828252577
              ],
              [
                129.47272358395634,
                36.115175718725375
              ],
              [
                129.4732671145111,
                36.12860294128031
              ],
              [
                129.4395559941264,
                36.13095679790264
              ],
              [
                129.44009314975133,
                36.14438514263924
              ],
              [
                129.4063760699617,
                36.146710590601685
              ],
              [
                129.40690685065692,
                36.160140057519925
              ],
              [
                129.39004525772864,
                36.16129227361271
              ],
              [
                129.39057293652047,
                36.17472228127652
              ],
              [
                129.37370821722777,
                36.17586768592238
              ],
              [
                129.37475754212744,
                36.202728742050645
              ],
              [
                129.35788642344403,
                36.20386791668565
              ],
              [
                129.35840806955187,
                36.2172989651501
              ],
              [
                129.3415338245041,
                36.21843132833818
              ],
              [
                129.3462068827679,
                36.33931416637006
              ],
              [
                129.36311058505254,
                36.33817657025727
              ],
              [
                129.3636339423893,
                36.35160721181662
              ],
              [
                129.38054106436215,
                36.35046164138473
              ],
              [
                129.3810678658481,
                36.3638916608175
              ],
              [
                129.39797840750924,
                36.362738116066524
              ],
              [
                129.3985086531444,
                36.37616751337272
              ],
              [
                129.41542261449376,
                36.37500599430264
              ],
              [
                129.41755840036853,
                36.42872085087797
              ],
              [
                129.43448560048503,
                36.42754961318056
              ],
              [
                129.43986977403745,
                36.56182809192249
              ],
              [
                129.456829851079,
                36.560643646981276
              ],
              [
                129.4600882072671,
                36.64120529246554
              ],
              [
                129.4431084920676,
                36.642393226023245
              ],
              [
                129.44527105987882,
                36.696102501613574
              ],
              [
                129.42827839923598,
                36.69728536803259
              ],
              [
                129.43043061290817,
                36.7509963183191
              ],
              [
                129.44743636565624,
                36.74981112615577
              ],
              [
                129.27891302329525,
                36.801628852292346
              ],
              [
                129.14425486097366,
                36.85063798518985
              ],
              [
                129.04258478331016,
                36.870301509990554
              ],
              [
                128.95880514611173,
                36.91561751787323
              ],
              [
                128.78888526519373,
                36.938500290817245
              ],
              [
                128.70490593440283,
                36.98329913753321
              ],
              [
                128.68905191714256,
                37.024525008974976
              ],
              [
                128.48297337178153,
                36.98054741577676
              ],
              [
                128.37972360970645,
                36.94467494967584
              ],
              [
                128.2932969722364,
                36.89436214778222
              ],
              [
                128.22247977330647,
                36.77584175537538
              ],
              [
                128.1524965124926,
                36.68410134049586
              ],
              [
                128.04802031845472,
                36.55294193070529
              ],
              [
                127.91065438244951,
                36.44943066166771
              ],
              [
                127.85809768663555,
                36.34305953721466
              ],
              [
                127.75579892683878,
                36.27837796048057
              ],
              [
                127.63724036722641,
                36.2407576060219
              ],
              [
                127.53583062816449,
                36.2159144396996
              ],
              [
                127.4513368940958,
                36.19049869644177
              ]
            ]
          ],
          [
            [
              [
                128.31484188704653,
                34.938830435549534
              ],
              [
                128.31515038153222,
                34.95230035784865
              ],
              [
                128.2986056927781,
                34.95293216732018
              ],
              [
                128.29891108536037,
                34.96640263036487
              ],
              [
                128.28236327024183,
                34.96702762838947
              ],
              [
                128.2826655609207,
                34.980498632179724
              ],
              [
                128.2164626749605,
                34.98292702119232
              ],
              [
                128.21559559260842,
                34.94250691051704
              ],
              [
                128.2486771041068,
                34.941310990393255
              ],
              [
                128.24838187284928,
                34.927838701659304
              ],
              [
                128.29799542098223,
                34.92599111915927
              ],
              [
                128.29830047131873,
                34.93946166358498
              ],
              [
                128.31484188704653,
                34.938830435549534
              ]
            ]
          ],
          [
            [
              [
                128.4586724872915,
                34.730841480018086
              ],
              [
                128.4580022309018,
                34.703910758482515
              ],
              [
                128.52395207447145,
                34.701085311375685
              ],
              [
                128.52430020921008,
                34.7145483667444
              ],
              [
                128.5407913097836,
                34.713822941324096
              ],
              [
                128.54149463868225,
                34.740747767117846
              ],
              [
                128.55799243197026,
                34.74001378594235
              ],
              [
                128.55870299141313,
                34.76693728610191
              ],
              [
                128.57520747741572,
                34.76619474917125
              ],
              [
                128.5755662868478,
                34.77965585677917
              ],
              [
                128.5920741925386,
                34.77890534552943
              ],
              [
                128.5924364461199,
                34.79236583101078
              ],
              [
                128.60894777149895,
                34.79160734544193
              ],
              [
                128.6118781447837,
                34.89928511294573
              ],
              [
                128.59534063519413,
                34.900048250003216
              ],
              [
                128.5967968366806,
                34.95388848292724
              ],
              [
                128.51404602813506,
                34.957604903691106
              ],
              [
                128.5133503154092,
                34.93067905424932
              ],
              [
                128.49680713973848,
                34.931398996880894
              ],
              [
                128.49543085986673,
                34.87754448396688
              ],
              [
                128.47890092296313,
                34.87825470797112
              ],
              [
                128.47856055382874,
                34.86479039658026
              ],
              [
                128.4620340366134,
                34.865492646265416
              ],
              [
                128.4616971116282,
                34.85202771274798
              ],
              [
                128.44517401410113,
                34.85272198811404
              ],
              [
                128.44217884700126,
                34.731530522459416
              ],
              [
                128.4586724872915,
                34.730841480018086
              ]
            ]
          ],
          [
            [
              [
                127.96180003023814,
                34.62695033274565
              ],
              [
                127.96203568422183,
                34.64043344177466
              ],
              [
                127.9784988871061,
                34.639963444429284
              ],
              [
                127.97921669487349,
                34.680410783065035
              ],
              [
                127.99568986349858,
                34.6799316485284
              ],
              [
                127.99739364877446,
                34.77430327779145
              ],
              [
                127.98089756896515,
                34.774786482380634
              ],
              [
                127.98137935881162,
                34.8017506016848
              ],
              [
                127.91537032198276,
                34.80361414270009
              ],
              [
                127.91514243360336,
                34.79012977764894
              ],
              [
                127.89864381407723,
                34.790576599259154
              ],
              [
                127.89819509673967,
                34.763606584213164
              ],
              [
                127.8817031699281,
                34.7640448500682
              ],
              [
                127.87994132970407,
                34.65615851077526
              ],
              [
                127.89640707230511,
                34.65572489640887
              ],
              [
                127.89596177742536,
                34.62875406755271
              ],
              [
                127.91242112063568,
                34.628314223175465
              ],
              [
                127.91219545685382,
                34.6148293291477
              ],
              [
                127.94510803720759,
                34.61392862461633
              ],
              [
                127.94534024704208,
                34.62741235577194
              ],
              [
                127.96180003023814,
                34.62695033274565
              ]
            ]
          ],
          [
            [
              [
                127.70085715843028,
                34.80885373742706
              ],
              [
                127.69791226858004,
                34.59297807504289
              ],
              [
                127.73080794361883,
                34.59227191121413
              ],
              [
                127.73024101561639,
                34.55179755345408
              ],
              [
                127.71380292384497,
                34.55215258750173
              ],
              [
                127.71324735502748,
                34.511676119218876
              ],
              [
                127.72967562771994,
                34.51132282947946
              ],
              [
                127.72948750733356,
                34.49783117344024
              ],
              [
                127.74591265366158,
                34.49747107225391
              ],
              [
                127.74572143137179,
                34.483979956960255
              ],
              [
                127.76214345133543,
                34.483613044326994
              ],
              [
                127.76194912714219,
                34.470122469778914
              ],
              [
                127.77836802074145,
                34.46974874569872
              ],
              [
                127.77876338630342,
                34.496728691232214
              ],
              [
                127.7951889726172,
                34.496346411396836
              ],
              [
                127.79559156872334,
                34.52332503129613
              ],
              [
                127.76272745065242,
                34.52408452382818
              ],
              [
                127.7635085121289,
                34.57804592682931
              ],
              [
                127.77995358993867,
                34.577667551260475
              ],
              [
                127.78134994693797,
                34.67209436987532
              ],
              [
                127.76488195794396,
                34.672476815496715
              ],
              [
                127.76507884898054,
                34.68596677968716
              ],
              [
                127.7321367649257,
                34.68671065515309
              ],
              [
                127.73347397125417,
                34.78114740525714
              ],
              [
                127.74996785113483,
                34.78077509391312
              ],
              [
                127.75016283812822,
                34.79426531401558
              ],
              [
                127.83265080259187,
                34.7922899568699
              ],
              [
                127.83328588570406,
                34.83275165149304
              ],
              [
                127.84979373766146,
                34.832332657106626
              ],
              [
                127.8500090473043,
                34.84581922583056
              ],
              [
                127.83349792232057,
                34.84623880165306
              ],
              [
                127.83371013005998,
                34.85972591112258
              ],
              [
                127.81719587871186,
                34.860138675498135
              ],
              [
                127.81740498454779,
                34.87362632571323
              ],
              [
                127.76785329139592,
                34.87482200585009
              ],
              [
                127.76705717110517,
                34.82086418361371
              ],
              [
                127.70104266859046,
                34.822345620456744
              ],
              [
                127.70085715843028,
                34.80885373742706
              ]
            ]
          ]
        ]
      },
      "properties": {
        "name": "慶尙道",
        "native_name": "경상도",
        "year": 1370,
        "source_map_label": "慶尙道",
        "source_label_pixel": [
          326,
          566
        ],
        "map_year": null,
        "date_precision": "historical_period",
        "boundary_basis": "digitized_published_map"
      }
    },
    {
      "type": "Feature",
      "id": "goryeo-7",
      "geometry": {
        "type": "MultiPolygon",
        "coordinates": [
          [
            [
              [
                126.27745690752018,
                35.54324781343922
              ],
              [
                126.29412117062634,
                35.54349351537967
              ],
              [
                126.29420479818985,
                35.5299543668801
              ],
              [
                126.31086593493158,
                35.530193257373625
              ],
              [
                126.31062538468865,
                35.57080883649256
              ],
              [
                126.29395442886796,
                35.57057169030728
              ],
              [
                126.29387131467311,
                35.58411071673532
              ],
              [
                126.277197232488,
                35.58386675910312
              ],
              [
                126.27745690752018,
                35.54324781343922
              ]
            ]
          ],
          [
            [
              [
                127.7027199605623,
                34.94377073665104
              ],
              [
                127.70441111348822,
                35.06519255691415
              ],
              [
                127.67183407295104,
                35.10638654601152
              ],
              [
                127.70573603753463,
                35.159629471783646
              ],
              [
                127.77289107526066,
                35.212043644518076
              ],
              [
                127.7907346060215,
                35.2925638619
              ],
              [
                127.77596508244643,
                35.414364420566294
              ],
              [
                127.77782796803,
                35.53575249162031
              ],
              [
                127.79577469311852,
                35.61625289510306
              ],
              [
                127.84720121290633,
                35.69584722966944
              ],
              [
                127.86550596268303,
                35.78977792059297
              ],
              [
                127.8503386238296,
                35.88462717037784
              ],
              [
                127.80134601735192,
                35.966889565575784
              ],
              [
                127.71803767992422,
                36.00947198303761
              ],
              [
                127.61819938904092,
                36.07923769411173
              ],
              [
                127.53499667675159,
                36.14844359427359
              ],
              [
                127.4513368940958,
                36.19049869644177
              ],
              [
                127.333903126345,
                36.23289285214423
              ],
              [
                127.18214891271826,
                36.20779494373964
              ],
              [
                127.03045666377513,
                36.1685654644921
              ],
              [
                126.8958065918315,
                36.142176380776625
              ],
              [
                126.77805883362977,
                36.10178169399771
              ],
              [
                126.69404303725595,
                36.07462332576236
              ],
              [
                126.66046238738774,
                36.047475158754814
              ],
              [
                126.66046767682539,
                36.03395030739784
              ],
              [
                126.61011216096439,
                36.033741748302866
              ],
              [
                126.61017430625965,
                35.979634958736895
              ],
              [
                126.62694623944616,
                35.97971419706254
              ],
              [
                126.62695893055087,
                35.966187979380855
              ],
              [
                126.64372773737297,
                35.966260406259586
              ],
              [
                126.6437671209155,
                35.91215745437207
              ],
              [
                126.66052298229422,
                35.912224814112115
              ],
              [
                126.66055201169775,
                35.85812353692079
              ],
              [
                126.64380924242428,
                35.85805385143643
              ],
              [
                126.64382020060869,
                35.844527848976256
              ],
              [
                126.66055969685584,
                35.844598115896694
              ],
              [
                126.6605837790675,
                35.80402160868134
              ],
              [
                126.64385410189928,
                35.80394959745265
              ],
              [
                126.64386574457527,
                35.79042343223043
              ],
              [
                126.62713948709528,
                35.79034344668266
              ],
              [
                126.6272325748897,
                35.709182112232206
              ],
              [
                126.57711359689492,
                35.708887332441385
              ],
              [
                126.57713952953638,
                35.69535855664128
              ],
              [
                126.56043676988827,
                35.69524492950891
              ],
              [
                126.56046614667893,
                35.68171553158222
              ],
              [
                126.54376680671905,
                35.681593930130745
              ],
              [
                126.54379962765893,
                35.66806391007747
              ],
              [
                126.5604956945925,
                35.66818609296503
              ],
              [
                126.56052541362895,
                35.65465661365732
              ],
              [
                126.57721835419812,
                35.65477198509794
              ],
              [
                126.57729871896588,
                35.614185047340015
              ],
              [
                126.59398198711801,
                35.614294770205866
              ],
              [
                126.59400584459338,
                35.60076629100828
              ],
              [
                126.61068598638111,
                35.600869202427205
              ],
              [
                126.61070674195308,
                35.5873412639752
              ],
              [
                126.6273837573764,
                35.58743736394718
              ],
              [
                126.62743723175066,
                35.546855048756356
              ],
              [
                126.59410298572381,
                35.54665196731289
              ],
              [
                126.59415258302636,
                35.51959456132213
              ],
              [
                126.56083201575242,
                35.519359582602306
              ],
              [
                126.56086361714067,
                35.505829655699
              ],
              [
                126.49423733464101,
                35.50526865791888
              ],
              [
                126.49437244185884,
                35.464671655832966
              ],
              [
                126.47772605696765,
                35.46451117987217
              ],
              [
                126.47792168775052,
                35.41037894834617
              ],
              [
                126.42802268936423,
                35.409846185932736
              ],
              [
                126.42808184394613,
                35.39631128201672
              ],
              [
                126.41145241083416,
                35.39611832734348
              ],
              [
                126.41151500956526,
                35.38258280130089
              ],
              [
                126.39488899614153,
                35.38238187230854
              ],
              [
                126.3950876381511,
                35.34177330572945
              ],
              [
                126.36185568944725,
                35.34134578047925
              ],
              [
                126.362149125391,
                35.28719580388471
              ],
              [
                126.34554646313721,
                35.28696862619076
              ],
              [
                126.34570075389905,
                35.25989223087827
              ],
              [
                126.262722372822,
                35.25863963480263
              ],
              [
                126.26291007833856,
                35.23155726236731
              ],
              [
                126.2463213881615,
                35.23128340163098
              ],
              [
                126.24661404893696,
                35.19065779349093
              ],
              [
                126.27977193779506,
                35.19120161069706
              ],
              [
                126.27986328758003,
                35.17766082280818
              ],
              [
                126.31301521703317,
                35.17817623135441
              ],
              [
                126.31310019188838,
                35.16463656564719
              ],
              [
                126.3296731035815,
                35.16488376203188
              ],
              [
                126.32959140175258,
                35.178422846303015
              ],
              [
                126.41247452527841,
                35.179545027800856
              ],
              [
                126.41267104873907,
                35.13893637445711
              ],
              [
                126.39610394978904,
                35.13872497961532
              ],
              [
                126.39617307288134,
                35.125188099016974
              ],
              [
                126.37960939361952,
                35.1249687298561
              ],
              [
                126.37982760871276,
                35.08435609960978
              ],
              [
                126.34672032833276,
                35.083891694022505
              ],
              [
                126.34679995499559,
                35.07035290635388
              ],
              [
                126.33024980782477,
                35.07010903279965
              ],
              [
                126.33033287863678,
                35.05656962300445
              ],
              [
                126.31378615115422,
                35.05631777513112
              ],
              [
                126.31510184347611,
                34.85321302380075
              ],
              [
                126.33159947556396,
                34.853473593215284
              ],
              [
                126.33194373741436,
                34.79931310569886
              ],
              [
                126.31545919743179,
                34.79905021054
              ],
              [
                126.31563890114694,
                34.77196855976657
              ],
              [
                126.26620579932857,
                34.77113202837547
              ],
              [
                126.26630572694944,
                34.75758939764474
              ],
              [
                126.24983159269344,
                34.75729518664561
              ],
              [
                126.24993496446353,
                34.743751933788296
              ],
              [
                126.23346424989579,
                34.74344974847007
              ],
              [
                126.23357106581507,
                34.72990587348616
              ],
              [
                126.16770276626843,
                34.72862087763882
              ],
              [
                126.1675828582439,
                34.742167078367046
              ],
              [
                126.1511128769857,
                34.741827928633754
              ],
              [
                126.15086702825266,
                34.76892137089083
              ],
              [
                126.13439064760375,
                34.76857599114669
              ],
              [
                126.1340133388469,
                34.80921759366172
              ],
              [
                126.08455561963478,
                34.80814233005597
              ],
              [
                126.08496238562849,
                34.76749549461622
              ],
              [
                126.06848659162722,
                34.76712054334004
              ],
              [
                126.06904443411119,
                34.712921867342246
              ],
              [
                126.0855071360072,
                34.71329914436275
              ],
              [
                126.08591749558157,
                34.67265145442231
              ],
              [
                126.05301187660936,
                34.671886018881814
              ],
              [
                126.05315555143257,
                34.65833554464849
              ],
              [
                126.00380804201755,
                34.65713020040692
              ],
              [
                126.00365454811542,
                34.67068241894849
              ],
              [
                125.97075039576234,
                34.669843054577875
              ],
              [
                125.97059052693044,
                34.68339639530109
              ],
              [
                125.95413539772046,
                34.68296620522736
              ],
              [
                125.95462533666377,
                34.64230431667792
              ],
              [
                125.9710706467948,
                34.64273625105991
              ],
              [
                125.97139158231882,
                34.615629284779914
              ],
              [
                125.98783049305914,
                34.616054989151046
              ],
              [
                125.98814556702207,
                34.588949022981176
              ],
              [
                126.00457807837167,
                34.58936849734146
              ],
              [
                126.00473259901116,
                34.575816034656846
              ],
              [
                126.08688099055624,
                34.57780542039348
              ],
              [
                126.08715781494072,
                34.55070618731352
              ],
              [
                126.10358138718286,
                34.551083048683985
              ],
              [
                126.10371678303311,
                34.53753395254432
              ],
              [
                126.12013722891082,
                34.53790400246784
              ],
              [
                126.1206674314355,
                34.48370953674844
              ],
              [
                126.10426007766307,
                34.48333716108059
              ],
              [
                126.10453275171537,
                34.45623852120568
              ],
              [
                126.08813209065745,
                34.45585758978265
              ],
              [
                126.08827195739426,
                34.44230762737335
              ],
              [
                126.10466934542585,
                34.44268914023245
              ],
              [
                126.10480611025923,
                34.42913971856873
              ],
              [
                126.12120037192642,
                34.4295144199809
              ],
              [
                126.12173605038357,
                34.37531865216521
              ],
              [
                126.07259298168356,
                34.374165392046706
              ],
              [
                126.072737148184,
                34.36061460405828
              ],
              [
                126.03998238174617,
                34.359807636692054
              ],
              [
                126.04013326542214,
                34.34625564514095
              ],
              [
                126.02375937522241,
                34.34584049069725
              ],
              [
                126.02391370304761,
                34.33228787701955
              ],
              [
                126.00754323253611,
                34.331864748256756
              ],
              [
                126.00785894760779,
                34.30475823595769
              ],
              [
                126.02422287206666,
                34.30518252759265
              ],
              [
                126.02437771326053,
                34.29162979184343
              ],
              [
                126.07346054752965,
                34.29286005375848
              ],
              [
                126.07331552541473,
                34.306411045199454
              ],
              [
                126.13877444981227,
                34.307945568313045
              ],
              [
                126.13864269092552,
                34.32149419331919
              ],
              [
                126.155011061706,
                34.32185876045398
              ],
              [
                126.15488274696844,
                34.33540676333354
              ],
              [
                126.26948836014955,
                34.33774766250019
              ],
              [
                126.2693831277191,
                34.35129155463668
              ],
              [
                126.3676418684182,
                34.35300622858275
              ],
              [
                126.3674711932418,
                34.38008691355123
              ],
              [
                126.41662218168506,
                34.38084095798713
              ],
              [
                126.41669761463288,
                34.367302380156396
              ],
              [
                126.43307829774481,
                34.36753952397174
              ],
              [
                126.4331506287892,
                34.354001486886574
              ],
              [
                126.44952818553672,
                34.354231819255006
              ],
              [
                126.4495974146777,
                34.340694322915404
              ],
              [
                126.46597184506082,
                34.3409178438369
              ],
              [
                126.46603797229835,
                34.32738088824287
              ],
              [
                126.48240927631707,
                34.32759759771744
              ],
              [
                126.48247230165119,
                34.31406118286899
              ],
              [
                126.49884047930549,
                34.314271080896624
              ],
              [
                126.49890040273618,
                34.30073520679373
              ],
              [
                126.5152654540261,
                34.30093829337444
              ],
              [
                126.51566679829762,
                34.20619010537257
              ],
              [
                126.46664081796627,
                34.205546456823726
              ],
              [
                126.46637117532941,
                34.259695499915104
              ],
              [
                126.43366173754089,
                34.25923408795613
              ],
              [
                126.43351485085452,
                34.286310691103075
              ],
              [
                126.40079290760838,
                34.28582203335639
              ],
              [
                126.40087281144274,
                34.272282589256
              ],
              [
                126.38451533283884,
                34.272026589622065
              ],
              [
                126.3845986808224,
                34.258486523395085
              ],
              [
                126.36824462190674,
                34.25822254944205
              ],
              [
                126.36833141403952,
                34.24468186108849
              ],
              [
                126.38468219992887,
                34.24494641647761
              ],
              [
                126.38476589015822,
                34.231406268869605
              ],
              [
                126.40111354968317,
                34.23166401281179
              ],
              [
                126.40159964648207,
                34.15042576127966
              ],
              [
                126.417927814511,
                34.150679600955314
              ],
              [
                126.41800615654795,
                34.13714033138593
              ],
              [
                126.43433119821252,
                34.13738735961464
              ],
              [
                126.43440643834603,
                34.12384863079083
              ],
              [
                126.48337262423222,
                34.12454710248719
              ],
              [
                126.48343821640967,
                34.111010077281094
              ],
              [
                126.51607652759073,
                34.11143992353578
              ],
              [
                126.51613574483845,
                34.09790402051134
              ],
              [
                126.53245184739552,
                34.09810843575024
              ],
              [
                126.53228452809999,
                34.13871427844377
              ],
              [
                126.54861059639792,
                34.13890955649142
              ],
              [
                126.54850645186798,
                34.165978751962406
              ],
              [
                126.56483921288046,
                34.16616547425489
              ],
              [
                126.56440849031561,
                34.28796960676942
              ],
              [
                126.58077085522686,
                34.28814370325416
              ],
              [
                126.58059696427618,
                34.34227548956307
              ],
              [
                126.67885278627536,
                34.34315086346236
              ],
              [
                126.67876018592253,
                34.39726804425722
              ],
              [
                126.6951497616777,
                34.39738573907224
              ],
              [
                126.69509192728236,
                34.43797145310979
              ],
              [
                126.79349137618712,
                34.438511905607236
              ],
              [
                126.79349048501199,
                34.411461780839005
              ],
              [
                126.8262783825036,
                34.411585114351716
              ],
              [
                126.82627164754773,
                34.39806115380401
              ],
              [
                126.87544477467056,
                34.39819245175873
              ],
              [
                126.87542839175863,
                34.38467019482875
              ],
              [
                126.89181645443041,
                34.38469975648372
              ],
              [
                126.89172074158256,
                34.31709076865658
              ],
              [
                126.87534904404237,
                34.3170582998212
              ],
              [
                126.87528864608137,
                34.262968051386004
              ],
              [
                126.90800600361315,
                34.26303024766238
              ],
              [
                126.90794286377485,
                34.222465622702124
              ],
              [
                126.89159393075694,
                34.222436476697204
              ],
              [
                126.89154215010362,
                34.18186974121414
              ],
              [
                126.90788126404256,
                34.18190063152729
              ],
              [
                126.90786107304423,
                34.16837888642133
              ],
              [
                126.97320590331387,
                34.168430844588194
              ],
              [
                126.97340816877873,
                34.249546750400405
              ],
              [
                126.9897643811588,
                34.24953776911811
              ],
              [
                126.98980196402606,
                34.26305636290062
              ],
              [
                127.05524137227079,
                34.26294418319701
              ],
              [
                127.05519069729829,
                34.249427915158826
              ],
              [
                127.07154764298794,
                34.24938196946147
              ],
              [
                127.07176446172055,
                34.30344447172684
              ],
              [
                127.05539442392565,
                34.303492743168505
              ],
              [
                127.05544578338969,
                34.31700884844466
              ],
              [
                127.00632673089748,
                34.31711104977985
              ],
              [
                127.00641032503637,
                34.3441466268771
              ],
              [
                126.97365193124587,
                34.344180122429826
              ],
              [
                126.97383118098051,
                34.41177416744988
              ],
              [
                127.00662230503418,
                34.411734857536345
              ],
              [
                127.00666521440242,
                34.42525238159668
              ],
              [
                127.03946347115637,
                34.42518233727894
              ],
              [
                127.0396128641563,
                34.46573117670038
              ],
              [
                127.0560220316051,
                34.465683320908745
              ],
              [
                127.05639951575695,
                34.5602917853384
              ],
              [
                127.07283174105186,
                34.5602324666112
              ],
              [
                127.07306430309032,
                34.61429122534978
              ],
              [
                127.13884703931016,
                34.613970718633574
              ],
              [
                127.13891869973229,
                34.62748298084763
              ],
              [
                127.17181749386631,
                34.627277207319295
              ],
              [
                127.17189587146395,
                34.640788265970684
              ],
              [
                127.22125498170827,
                34.64042241474737
              ],
              [
                127.2211667850317,
                34.626913100404224
              ],
              [
                127.25406704578485,
                34.62663339804578
              ],
              [
                127.25378384433455,
                34.586108699489806
              ],
              [
                127.23734345970597,
                34.58625050280229
              ],
              [
                127.23725267449466,
                34.57274160713319
              ],
              [
                127.25368978609691,
                34.572600385256784
              ],
              [
                127.25303616987428,
                34.47804104629145
              ],
              [
                127.26945051695427,
                34.4778965015846
              ],
              [
                127.2693545546734,
                34.4643884432636
              ],
              [
                127.30217714276644,
                34.46407833807303
              ],
              [
                127.30207480555583,
                34.45057140193367
              ],
              [
                127.31848304656891,
                34.45040584144995
              ],
              [
                127.31816724259554,
                34.40988653319709
              ],
              [
                127.35096452644949,
                34.409536722197096
              ],
              [
                127.35118798341412,
                34.436547309311855
              ],
              [
                127.43321648989568,
                34.43553759199837
              ],
              [
                127.43334484019393,
                34.44903991733958
              ],
              [
                127.44975425450227,
                34.44881521379177
              ],
              [
                127.44988604894972,
                34.4623169170064
              ],
              [
                127.46629888294628,
                34.46208423913949
              ],
              [
                127.46656953126248,
                34.48908636062505
              ],
              [
                127.48298905797364,
                34.488845127002975
              ],
              [
                127.48326693683399,
                34.515845922854346
              ],
              [
                127.49969315625965,
                34.515596133477096
              ],
              [
                127.50012107705082,
                34.5560952777671
              ],
              [
                127.51655726221736,
                34.5558363511986
              ],
              [
                127.5168499444119,
                34.582834414400565
              ],
              [
                127.53329282229296,
                34.58256693207689
              ],
              [
                127.53359273503169,
                34.60956366964465
              ],
              [
                127.55004230562731,
                34.609287631565806
              ],
              [
                127.55050327723602,
                34.649780688430404
              ],
              [
                127.50112554819803,
                34.650591856942626
              ],
              [
                127.50155860267587,
                34.691089780517366
              ],
              [
                127.48508983390809,
                34.69134712856366
              ],
              [
                127.48551460941304,
                34.73184643023206
              ],
              [
                127.50199319725974,
                34.73158733787753
              ],
              [
                127.50242933194964,
                34.77208452902312
              ],
              [
                127.58487356650674,
                34.77066945246408
              ],
              [
                127.58374375869643,
                34.6761957870534
              ],
              [
                127.55081144725625,
                34.67677585622092
              ],
              [
                127.5506572766847,
                34.66327829267091
              ],
              [
                127.63297279011783,
                34.66177558030992
              ],
              [
                127.63229235853413,
                34.60779654792642
              ],
              [
                127.64874280910122,
                34.60747615254951
              ],
              [
                127.64856985598621,
                34.59398187416345
              ],
              [
                127.66501718018893,
                34.59365466733961
              ],
              [
                127.6648411251705,
                34.58016092969911
              ],
              [
                127.68128532300877,
                34.57982691142834
              ],
              [
                127.68146465105352,
                34.59332006763276
              ],
              [
                127.69791226858004,
                34.59297807504289
              ],
              [
                127.70085715843028,
                34.80885373742706
              ],
              [
                127.68435717248269,
                34.8092050329942
              ],
              [
                127.68417510647168,
                34.795712527837935
              ],
              [
                127.63468584767936,
                34.796720312933076
              ],
              [
                127.63537586214488,
                34.85069706664809
              ],
              [
                127.66839473888841,
                34.850027951312356
              ],
              [
                127.66875386496376,
                34.8770137582825
              ],
              [
                127.68527006938099,
                34.87666694841796
              ],
              [
                127.68545316212933,
                34.89015920943118
              ],
              [
                127.70197278623482,
                34.889804425247554
              ],
              [
                127.7027199605623,
                34.94377073665104
              ]
            ]
          ],
          [
            [
              [
                126.11448570691088,
                35.13400015620426
              ],
              [
                126.09792124787526,
                35.13365568946827
              ],
              [
                126.09817749413014,
                35.10656095588218
              ],
              [
                126.03194730881728,
                35.105104508619476
              ],
              [
                126.03208878073433,
                35.091554755046346
              ],
              [
                126.08175138064716,
                35.092659924126124
              ],
              [
                126.08214736589879,
                35.05201565218841
              ],
              [
                126.09869204011461,
                35.05237100042389
              ],
              [
                126.09882110441796,
                35.03882340983304
              ],
              [
                126.16498817579507,
                35.04017319968918
              ],
              [
                126.16475640252182,
                35.06726368869171
              ],
              [
                126.18130508307351,
                35.067581491076055
              ],
              [
                126.18119272614751,
                35.08112609310548
              ],
              [
                126.16464077256951,
                35.08080887215722
              ],
              [
                126.16417996398923,
                35.13498919911415
              ],
              [
                126.14761506496787,
                35.134666911027196
              ],
              [
                126.1474970176037,
                35.148212472476246
              ],
              [
                126.11436111349407,
                35.14754688052546
              ],
              [
                126.11448570691088,
                35.13400015620426
              ]
            ]
          ],
          [
            [
              [
                125.91970608861868,
                34.804077580641085
              ],
              [
                125.9361903817417,
                34.80451732355612
              ],
              [
                125.93602567808605,
                34.81807142024642
              ],
              [
                125.95251339089731,
                34.81850318884237
              ],
              [
                125.95235213139087,
                34.83205666340608
              ],
              [
                125.9358611455533,
                34.83162547624621
              ],
              [
                125.93569678414346,
                34.84517949155548
              ],
              [
                125.9192026719415,
                34.844741492948685
              ],
              [
                125.91903520862823,
                34.858296049003535
              ],
              [
                125.88604087815744,
                34.857399036013064
              ],
              [
                125.88621488752334,
                34.84384331708606
              ],
              [
                125.8532276897528,
                34.842915569691385
              ],
              [
                125.85395162265587,
                34.78868763558962
              ],
              [
                125.82099119574352,
                34.78772566517426
              ],
              [
                125.82117915282913,
                34.774167417050386
              ],
              [
                125.80470243239213,
                34.77367476108211
              ],
              [
                125.80508540598468,
                34.74655697989068
              ],
              [
                125.77214549720172,
                34.745547163560765
              ],
              [
                125.7727408791701,
                34.70486669797832
              ],
              [
                125.75628096385043,
                34.704348956180596
              ],
              [
                125.75648303977864,
                34.69078813816935
              ],
              [
                125.70711399287005,
                34.689188811169906
              ],
              [
                125.7073260590001,
                34.67562620815991
              ],
              [
                125.69087327638071,
                34.675077731958
              ],
              [
                125.69108878665999,
                34.66151450682142
              ],
              [
                125.78978804414714,
                34.664697959404236
              ],
              [
                125.7899840873914,
                34.65113818219362
              ],
              [
                125.8557734335158,
                34.653114951999605
              ],
              [
                125.8555904823768,
                34.6666724034659
              ],
              [
                125.88849258146313,
                34.66761526819867
              ],
              [
                125.88831634749964,
                34.68117151610228
              ],
              [
                125.93768041517238,
                34.6825286222706
              ],
              [
                125.93701646686317,
                34.73674622974703
              ],
              [
                125.92054853887176,
                34.7363035796516
              ],
              [
                125.91970608861868,
                34.804077580641085
              ]
            ]
          ],
          [
            [
              [
                125.51040554551393,
                34.64141728090071
              ],
              [
                125.52685016879967,
                34.64204824168791
              ],
              [
                125.52660175713434,
                34.65561732187582
              ],
              [
                125.55949798974419,
                34.65685590192903
              ],
              [
                125.5582912285241,
                34.72469487815009
              ],
              [
                125.5253622656511,
                34.72346211245768
              ],
              [
                125.52511488072311,
                34.73703094850252
              ],
              [
                125.50864734625317,
                34.73640405776788
              ],
              [
                125.50889800420747,
                34.72283464028696
              ],
              [
                125.49243388942575,
                34.722199775233236
              ],
              [
                125.49319670910492,
                34.68148953433916
              ],
              [
                125.50965100480771,
                34.68212614370112
              ],
              [
                125.51040554551393,
                34.64141728090071
              ]
            ]
          ],
          [
            [
              [
                127.15426198964543,
                34.42470430635201
              ],
              [
                127.17066236464865,
                34.42460644468755
              ],
              [
                127.17073817540295,
                34.43811811369656
              ],
              [
                127.1871419700944,
                34.438012277713
              ],
              [
                127.1872212249979,
                34.45152332459542
              ],
              [
                127.20362843937757,
                34.451409514292784
              ],
              [
                127.20371113843028,
                34.46491993904861
              ],
              [
                127.154480116198,
                34.46524093561576
              ],
              [
                127.15440723622426,
                34.45172876655168
              ],
              [
                127.10518735302814,
                34.451981482863495
              ],
              [
                127.1046890262938,
                34.34386871102666
              ],
              [
                127.1374497666749,
                34.34371692934576
              ],
              [
                127.13738169983348,
                34.33020381263103
              ],
              [
                127.15375901699059,
                34.33011741390214
              ],
              [
                127.15368784824575,
                34.31660483793298
              ],
              [
                127.17006203903844,
                34.316511627757166
              ],
              [
                127.16998776839016,
                34.30299959253357
              ],
              [
                127.2191014016608,
                34.302677349016285
              ],
              [
                127.219185491388,
                34.31618763993164
              ],
              [
                127.23556026882837,
                34.316064858223776
              ],
              [
                127.2357355077041,
                34.34308415511077
              ],
              [
                127.21935418421111,
                34.343208099690806
              ],
              [
                127.219438787307,
                34.35671826853462
              ],
              [
                127.20305433744961,
                34.356835401667716
              ],
              [
                127.20313583864211,
                34.370346111257106
              ],
              [
                127.17036083286042,
                34.37055936174642
              ],
              [
                127.17043595912317,
                34.384071193517464
              ],
              [
                127.1540454031989,
                34.384167310873686
              ],
              [
                127.15426198964543,
                34.42470430635201
              ]
            ]
          ],
          [
            [
              [
                126.79349125172473,
                34.34383575683453
              ],
              [
                126.77711388810337,
                34.34376009357326
              ],
              [
                126.77711782784091,
                34.33023418526475
              ],
              [
                126.7607438839078,
                34.33015054768438
              ],
              [
                126.76075126779452,
                34.316624017249296
              ],
              [
                126.72801036596661,
                34.31643340056738
              ],
              [
                126.72802446702889,
                34.302905666569615
              ],
              [
                126.71165750913413,
                34.30279868746805
              ],
              [
                126.71169277067995,
                34.27574193452884
              ],
              [
                126.69533250549974,
                34.275626399672106
              ],
              [
                126.69537499758974,
                34.248568321098716
              ],
              [
                126.67902142512406,
                34.248444230486804
              ],
              [
                126.67909626575971,
                34.20785506313965
              ],
              [
                126.69544001914643,
                34.207980898059795
              ],
              [
                126.69546203524446,
                34.1944516756658
              ],
              [
                126.74448435629716,
                34.19478656743642
              ],
              [
                126.74440257074441,
                34.289478059535966
              ],
              [
                126.80985936348496,
                34.28980480132439
              ],
              [
                126.8098661556929,
                34.33037928177645
              ],
              [
                126.79349191843595,
                34.33031042996211
              ],
              [
                126.79349125172473,
                34.34383575683453
              ]
            ]
          ]
        ]
      },
      "properties": {
        "name": "全羅道",
        "native_name": "전라도",
        "year": 1370,
        "source_map_label": "全羅道",
        "source_label_pixel": [
          229,
          617
        ],
        "map_year": null,
        "date_precision": "historical_period",
        "boundary_basis": "digitized_published_map"
      }
    },
    {
      "type": "Feature",
      "id": "goryeo-8",
      "geometry": {
        "type": "Polygon",
        "coordinates": [
          [
            [
              126.32305759542476,
              37.85594572449791
            ],
            [
              126.38575379992378,
              37.831754477564814
            ],
            [
              126.48906658697419,
              37.83221771869033
            ],
            [
              126.66130140928077,
              37.85943719494015
            ],
            [
              126.76478041649028,
              37.89973122855762
            ],
            [
              126.77434293179071,
              37.93675216914028
            ],
            [
              126.78222633412652,
              37.96723679017884
            ],
            [
              126.83425164635715,
              38.03453981106713
            ],
            [
              126.85821873367473,
              38.046864925444304
            ],
            [
              126.938172532456,
              38.08783529379031
            ],
            [
              126.95584136899785,
              38.15522686633667
            ],
            [
              126.8696404277064,
              38.22348414747484
            ],
            [
              126.7368661049613,
              38.263113794984974
            ],
            [
              126.73121315076189,
              38.264791069336624
            ],
            [
              126.57527219109564,
              38.238053149299795
            ],
            [
              126.40220558336041,
              38.183569129785496
            ],
            [
              126.29852807415182,
              38.14238278688372
            ],
            [
              126.21225749225769,
              38.10107438433337
            ],
            [
              126.14344016342908,
              38.04622381675072
            ],
            [
              126.12658041030748,
              37.97834186211495
            ],
            [
              126.19586801750715,
              37.92495908116038
            ],
            [
              126.28228319605402,
              37.87162166391869
            ],
            [
              126.32305759542476,
              37.85594572449791
            ]
          ]
        ]
      },
      "properties": {
        "name": "京畿",
        "native_name": "경기",
        "year": 1370,
        "source_map_label": "京畿 / 開城",
        "source_label_pixel": [
          209,
          438
        ],
        "map_year": null,
        "date_precision": "historical_period",
        "boundary_basis": "digitized_published_map"
      }
    }
  ]
}
