{
  "type": "FeatureCollection",
  "features": [
    {
      "type": "Feature",
      "id": "silla-1",
      "geometry": {
        "type": "MultiPolygon",
        "coordinates": [
          [
            [
              [
                127.00249713187688,
                36.844871573542484
              ],
              [
                127.0151426123242,
                36.84305984247414
              ],
              [
                127.0168814497245,
                36.85278924598286
              ],
              [
                127.05481789106643,
                36.84735448683493
              ],
              [
                127.05307905366608,
                36.83762439172097
              ],
              [
                127.24276126037567,
                36.81044134380228
              ],
              [
                127.24450009777601,
                36.82017489636573
              ],
              [
                127.28243653911792,
                36.81473781947633
              ],
              [
                127.28417537651828,
                36.82447082571081
              ],
              [
                127.32211181786019,
                36.819034054011254
              ],
              [
                127.32385065526053,
                36.82876651389273
              ],
              [
                127.33649613570783,
                36.82695440131186
              ],
              [
                127.33823497310819,
                36.83668585381777
              ],
              [
                127.3635259340028,
                36.83306196090087
              ],
              [
                127.36526477140315,
                36.84279263646965
              ],
              [
                127.45378313453426,
                36.83010927281692
              ],
              [
                127.45204429713394,
                36.820376983727314
              ],
              [
                127.47733525802853,
                36.8167523182856
              ],
              [
                127.47559642062821,
                36.80701833049962
              ],
              [
                127.48824190107551,
                36.80520570295354
              ],
              [
                127.48650306367516,
                36.79547024713096
              ],
              [
                127.51179402456978,
                36.79184440246417
              ],
              [
                127.51005518716943,
                36.78210724837948
              ],
              [
                127.52270066761675,
                36.78029403129632
              ],
              [
                127.5209618302164,
                36.770555409551
              ],
              [
                127.5336073106637,
                36.76874191920231
              ],
              [
                127.53186847326337,
                36.759001829971076
              ],
              [
                127.55715943415797,
                36.755374259920416
              ],
              [
                127.55542059675764,
                36.74563247306527
              ],
              [
                127.56806607720493,
                36.74381839340102
              ],
              [
                127.5663272398046,
                36.73407513943774
              ],
              [
                127.57897272025188,
                36.73226078661094
              ],
              [
                127.57723388285156,
                36.72251606571508
              ],
              [
                127.58987936329883,
                36.720701439758415
              ],
              [
                127.58814052589854,
                36.71095525210581
              ],
              [
                127.61343148679313,
                36.70732541113229
              ],
              [
                127.61169264939278,
                36.69757752670077
              ],
              [
                127.6243381298401,
                36.69576231172188
              ],
              [
                127.62259929243973,
                36.686012960913764
              ],
              [
                127.63524477288705,
                36.684197472908636
              ],
              [
                127.63002826068603,
                36.654941314286376
              ],
              [
                127.64267374113335,
                36.65312509308137
              ],
              [
                127.65531922158063,
                36.65130882903537
              ],
              [
                127.657058058981,
                36.66106257791223
              ],
              [
                127.66970353942827,
                36.659246501108875
              ],
              [
                127.67144237682864,
                36.668999244356854
              ],
              [
                127.68408785727594,
                36.66718335481167
              ],
              [
                127.68582669467628,
                36.676935092347314
              ],
              [
                127.69847217512358,
                36.67511939007583
              ],
              [
                127.70021101252392,
                36.684870121815784
              ],
              [
                127.72550197341855,
                36.68123904899691
              ],
              [
                127.72724081081888,
                36.69098900501699
              ],
              [
                127.75253177171348,
                36.687358221088964
              ],
              [
                127.75427060911383,
                36.6971074013397
              ],
              [
                127.77956157000845,
                36.69347690632095
              ],
              [
                127.78130040740876,
                36.70322531075291
              ],
              [
                127.79394588785608,
                36.70141022913866
              ],
              [
                127.7991624000571,
                36.73064871495357
              ],
              [
                127.81180788050442,
                36.72883428115592
              ],
              [
                127.81354671790477,
                36.7385782002723
              ],
              [
                127.82619219835208,
                36.73676395386849
              ],
              [
                127.82793103575241,
                36.74650686654435
              ],
              [
                127.84057651619972,
                36.74469280754977
              ],
              [
                127.84231535360006,
                36.7544347137025
              ],
              [
                127.86760631449465,
                36.75080692767721
              ],
              [
                127.86934515189502,
                36.76054805754959
              ],
              [
                127.89463611278961,
                36.7569205606238
              ],
              [
                127.89637495018997,
                36.766660914166806
              ],
              [
                127.93431139153188,
                36.761220038119404
              ],
              [
                127.93605022893225,
                36.7709598456341
              ],
              [
                127.94869570937952,
                36.769146364851345
              ],
              [
                127.95043454677986,
                36.778885165588655
              ],
              [
                127.96308002722718,
                36.777071872277816
              ],
              [
                127.96481886462753,
                36.78680966615548
              ],
              [
                127.97746434507484,
                36.78499656033187
              ],
              [
                127.98268085727587,
                36.8142032086682
              ],
              [
                127.97003537682855,
                36.8160156232032
              ],
              [
                127.97525188902956,
                36.845210440775915
              ],
              [
                127.98789736947688,
                36.84339871773653
              ],
              [
                127.98963620687721,
                36.85312807812395
              ],
              [
                128.0022816873245,
                36.851316542699344
              ],
              [
                128.00402052472487,
                36.86104489546035
              ],
              [
                128.0092370369259,
                36.89022252351618
              ],
              [
                127.99659155647858,
                36.892033136551646
              ],
              [
                128.00354690607995,
                36.93091837610536
              ],
              [
                127.99090142563264,
                36.932728023423785
              ],
              [
                128.00481212483538,
                37.01043716810234
              ],
              [
                127.99216664438808,
                37.0122449257969
              ],
              [
                127.9973831565891,
                37.04136470289404
              ],
              [
                127.98473767614179,
                37.04317172470961
              ],
              [
                127.98995418834284,
                37.072279643859275
              ],
              [
                127.87614486431706,
                37.088534666279905
              ],
              [
                127.87788370171742,
                37.0982327444822
              ],
              [
                127.8652382212701,
                37.10003841182543
              ],
              [
                127.86697705867046,
                37.10973501765209
              ],
              [
                127.85433157822315,
                37.111540410820034
              ],
              [
                127.85607041562348,
                37.12123554410389
              ],
              [
                127.84342493517619,
                37.123040663065424
              ],
              [
                127.84516377257653,
                37.132734323639546
              ],
              [
                127.83251829212921,
                37.13453916836363
              ],
              [
                127.83425712952956,
                37.14423135606137
              ],
              [
                127.82161164908227,
                37.14603592651698
              ],
              [
                127.82335048648258,
                37.155726641171924
              ],
              [
                127.81070500603529,
                37.15753093732813
              ],
              [
                127.819399193037,
                37.20596472255126
              ],
              [
                127.80675371258971,
                37.20776781907894
              ],
              [
                127.80849254999005,
                37.21745061755484
              ],
              [
                127.79584706954273,
                37.21925343961762
              ],
              [
                127.80106358174375,
                37.248293684146205
              ],
              [
                127.78841810129646,
                37.25009576883013
              ],
              [
                127.7901569386968,
                37.25977313289322
              ],
              [
                127.77751145824948,
                37.26157494299953
              ],
              [
                127.77925029564983,
                37.271250832360806
              ],
              [
                127.75395933475524,
                37.274853860248264
              ],
              [
                127.75569817215556,
                37.28452804321467
              ],
              [
                127.73040721126097,
                37.28813043559216
              ],
              [
                127.73214604866129,
                37.29780291194525
              ],
              [
                127.719500568214,
                37.29960381189836
              ],
              [
                127.72123940561434,
                37.30927481300882
              ],
              [
                127.68330296427243,
                37.31467655936705
              ],
              [
                127.68504180167275,
                37.32434562183979
              ],
              [
                127.67239632122545,
                37.32614588608551
              ],
              [
                127.6741351586258,
                37.33581347293969
              ],
              [
                127.66148967817848,
                37.337613462406765
              ],
              [
                127.66496735297918,
                37.35694444030615
              ],
              [
                127.65232187253186,
                37.35874392326995
              ],
              [
                127.65579954733255,
                37.378069460265834
              ],
              [
                127.64315406688526,
                37.37986843662425
              ],
              [
                127.6448929042856,
                37.389529106497335
              ],
              [
                127.63224742383828,
                37.39132780793626
              ],
              [
                127.63572509863897,
                37.410644949725686
              ],
              [
                127.62307961819168,
                37.412443144402346
              ],
              [
                127.62655729299235,
                37.43175484251076
              ],
              [
                127.61391181254503,
                37.433552530323844
              ],
              [
                127.62086716214642,
                37.472160055028255
              ],
              [
                127.60822168169912,
                37.473956772002914
              ],
              [
                127.61691586870081,
                37.52218698828252
              ],
              [
                127.62956134914813,
                37.5203914313597
              ],
              [
                127.6330390239488,
                37.539675258699205
              ],
              [
                127.6203935435015,
                37.54147035145503
              ],
              [
                127.62561005570252,
                37.57038604697924
              ],
              [
                127.6129645752552,
                37.57218040009822
              ],
              [
                127.61470341265557,
                37.581816239516684
              ],
              [
                127.60205793220825,
                37.58361031721993
              ],
              [
                127.60379676960859,
                37.593244677439145
              ],
              [
                127.5911512891613,
                37.59503847969754
              ],
              [
                127.59289012656163,
                37.60467136056133
              ],
              [
                127.58024464611431,
                37.60646488734584
              ],
              [
                127.58198348351468,
                37.61609628869829
              ],
              [
                127.55669252262004,
                37.61968274801221
              ],
              [
                127.55495368521971,
                37.61005181117993
              ],
              [
                127.52966272432512,
                37.6136385620294
              ],
              [
                127.53140156172545,
                37.62326903432616
              ],
              [
                127.51875608127813,
                37.62506211260636
              ],
              [
                127.52223375607885,
                37.64431885006928
              ],
              [
                127.50958827563153,
                37.64611142048104
              ],
              [
                127.51132711303187,
                37.65573768536134
              ],
              [
                127.48603615213726,
                37.659322231713425
              ],
              [
                127.4842973147369,
                37.64969643152241
              ],
              [
                127.47165183428962,
                37.65148887215058
              ],
              [
                127.46991299688926,
                37.64186205651639
              ],
              [
                127.45726751644197,
                37.64365468621562
              ],
              [
                127.45552867904162,
                37.63402685521114
              ],
              [
                127.4428831985943,
                37.63581967396787
              ],
              [
                127.44114436119398,
                37.626190827666065
              ],
              [
                127.40320791985206,
                37.631569721307336
              ],
              [
                127.4014690824517,
                37.621940324352245
              ],
              [
                127.3888236020044,
                37.62373343468208
              ],
              [
                127.38708476460405,
                37.61410302254236
              ],
              [
                127.34914832326214,
                37.619482790854384
              ],
              [
                127.3508871606625,
                37.629112506159125
              ],
              [
                127.33824168021519,
                37.63090544347827
              ],
              [
                127.33998051761552,
                37.64053367893897
              ],
              [
                127.32733503716821,
                37.642326340693316
              ],
              [
                127.32907387456856,
                37.651953096154884
              ],
              [
                127.31642839412125,
                37.65374548231558
              ],
              [
                127.3181672315216,
                37.66337075762317
              ],
              [
                127.3055217510743,
                37.66516286816141
              ],
              [
                127.30726058847462,
                37.674786663160454
              ],
              [
                127.29461510802733,
                37.67657849804744
              ],
              [
                127.29809278282802,
                37.69582187893065
              ],
              [
                127.2854473023807,
                37.69761320570994
              ],
              [
                127.29588032678276,
                37.755311990714816
              ],
              [
                127.30852580723005,
                37.753522058928276
              ],
              [
                127.31200348203075,
                37.772745461808995
              ],
              [
                127.29935800158346,
                37.77453492843628
              ],
              [
                127.30805218858517,
                37.822570410068955
              ],
              [
                127.32069766903246,
                37.82078210669121
              ],
              [
                127.3259141812335,
                37.84958909801187
              ],
              [
                127.3385596616808,
                37.84780144948363
              ],
              [
                127.34203733648147,
                37.867000325960035
              ],
              [
                127.35468281692879,
                37.86521309963681
              ],
              [
                127.3598993291298,
                37.89400273589898
              ],
              [
                127.37254480957712,
                37.892216164683866
              ],
              [
                127.3760224843778,
                37.911403468840724
              ],
              [
                127.38866796482512,
                37.90961731999676
              ],
              [
                127.39214563962578,
                37.92880008711425
              ],
              [
                127.40479112007309,
                37.927014360706266
              ],
              [
                127.40652995747345,
                37.93660410089216
              ],
              [
                127.41917543792073,
                37.93481856403979
              ],
              [
                127.42960846232279,
                37.99233212867066
              ],
              [
                127.41696298187549,
                37.99411626755969
              ],
              [
                127.41870181927584,
                38.003697248616994
              ],
              [
                127.40605633882852,
                38.00548111104503
              ],
              [
                127.40953401362921,
                38.024638851697034
              ],
              [
                127.39688853318191,
                38.026422204528565
              ],
              [
                127.39862737058226,
                38.035998963853245
              ],
              [
                127.38598189013494,
                38.037782040146205
              ],
              [
                127.3894595649356,
                38.0569313361503
              ],
              [
                127.37681408448832,
                38.058713902704156
              ],
              [
                127.38029175928901,
                38.077857723102674
              ],
              [
                127.36764627884169,
                38.079639779825364
              ],
              [
                127.37112395364238,
                38.09877812363109
              ],
              [
                127.35847847319506,
                38.10055967043086
              ],
              [
                127.36021731059542,
                38.11012672998184
              ],
              [
                127.34757183014811,
                38.11190800006639
              ],
              [
                127.34931066754844,
                38.12147357344519
              ],
              [
                127.32401970665384,
                38.125035516686445
              ],
              [
                127.32575854405417,
                38.134599370423494
              ],
              [
                127.31311306360688,
                38.136380043549174
              ],
              [
                127.33050143761032,
                38.23194730735878
              ],
              [
                127.34314691805761,
                38.230168968563824
              ],
              [
                127.36575180426206,
                38.354221935998424
              ],
              [
                127.37839728470935,
                38.35244659110365
              ],
              [
                127.38013612210968,
                38.361980575493
              ],
              [
                127.392781602557,
                38.36020542084185
              ],
              [
                127.39452043995735,
                38.36973838349461
              ],
              [
                127.40716592040467,
                38.36796341909923
              ],
              [
                127.40890475780499,
                38.37749535995014
              ],
              [
                127.42155023825231,
                38.37572058582268
              ],
              [
                127.42502791305297,
                38.394781168024345
              ],
              [
                127.43767339350028,
                38.39300681801092
              ],
              [
                127.43941223090064,
                38.402535459216715
              ],
              [
                127.45205771134795,
                38.40076129951031
              ],
              [
                127.45727422354896,
                38.429340388728434
              ],
              [
                127.46991970399625,
                38.42756688712309
              ],
              [
                127.47165854139661,
                38.43709097180633
              ],
              [
                127.4843040218439,
                38.43531766056173
              ],
              [
                127.4929982088456,
                38.482920407406205
              ],
              [
                127.48035272839832,
                38.48469254880505
              ],
              [
                127.48209156579867,
                38.49420909424226
              ],
              [
                127.46944608535136,
                38.4959809580402
              ],
              [
                127.47292376015203,
                38.515009810071724
              ],
              [
                127.46027827970474,
                38.51678116217767
              ],
              [
                127.46201711710506,
                38.526293468522276
              ],
              [
                127.44937163665779,
                38.52806454295558
              ],
              [
                127.45111047405811,
                38.53757535799095
              ],
              [
                127.4258195131635,
                38.541116907868584
              ],
              [
                127.42755835056384,
                38.550625997330435
              ],
              [
                127.41491287011655,
                38.552396472745734
              ],
              [
                127.41839054491722,
                38.5714104109071
              ],
              [
                127.43103602536453,
                38.569640403810574
              ],
              [
                127.43277486276486,
                38.57914572063802
              ],
              [
                127.44542034321218,
                38.577375904120196
              ],
              [
                127.46106987981526,
                38.66286925453793
              ],
              [
                127.47371536026256,
                38.66110150282212
              ],
              [
                127.49110373426598,
                38.7559768919138
              ],
              [
                127.47845825381866,
                38.75774229929473
              ],
              [
                127.48193592861935,
                38.776701797231304
              ],
              [
                127.46929044817206,
                38.77846669186329
              ],
              [
                127.4710292855724,
                38.78794431678766
              ],
              [
                127.45838380512508,
                38.78970893317507
              ],
              [
                127.46012264252543,
                38.79918506372153
              ],
              [
                127.44747716207813,
                38.80094940184031
              ],
              [
                127.44921599947848,
                38.81042403787981
              ],
              [
                127.43657051903116,
                38.81218809770599
              ],
              [
                127.4383093564315,
                38.82166123910975
              ],
              [
                127.42566387598421,
                38.82342502061934
              ],
              [
                127.42914155078489,
                38.84236705367265
              ],
              [
                127.41649607033759,
                38.844130322174784
              ],
              [
                127.41997374513828,
                38.86306684457697
              ],
              [
                127.40732826469096,
                38.86482959999072
              ],
              [
                127.41080593949165,
                38.883760610874084
              ],
              [
                127.39816045904433,
                38.88552285311881
              ],
              [
                127.40337697124535,
                38.91390920954886
              ],
              [
                127.39073149079806,
                38.91567070374998
              ],
              [
                127.4011645152001,
                38.97240795808243
              ],
              [
                127.38851903475279,
                38.97416799942814
              ],
              [
                127.3919967095535,
                38.99306985622477
              ],
              [
                127.37935122910619,
                38.99482938397997
              ],
              [
                127.38109006650652,
                39.0042781848528
              ],
              [
                127.35579910561192,
                39.00779663921275
              ],
              [
                127.35753794301225,
                39.01724370829212
              ],
              [
                127.33224698211765,
                39.02076151769326
              ],
              [
                127.33398581951798,
                39.03020685481294
              ],
              [
                127.29604937817606,
                39.03548253574464
              ],
              [
                127.29431054077574,
                39.02603790362831
              ],
              [
                127.28166506032842,
                39.027796611426595
              ],
              [
                127.27992622292808,
                39.018350952246315
              ],
              [
                127.26728074248078,
                39.02010985128085
              ],
              [
                127.26554190508044,
                39.01066316509496
              ],
              [
                127.25289642463314,
                39.01242225535485
              ],
              [
                127.25115758723278,
                39.002974542221764
              ],
              [
                127.22586662633817,
                39.006493061420336
              ],
              [
                127.2276054637385,
                39.01594030461606
              ],
              [
                127.21495998329122,
                39.01769926361624
              ],
              [
                127.21669882069155,
                39.0271450098617
              ],
              [
                127.20405334024426,
                39.02890369011476
              ],
              [
                127.20926985244527,
                39.057232651032415
              ],
              [
                127.19662437199797,
                39.058990582441886
              ],
              [
                127.20010204679865,
                39.07786977467053
              ],
              [
                127.18745656635134,
                39.07962719216763
              ],
              [
                127.19267307855239,
                39.107935805935114
              ],
              [
                127.18002759810507,
                39.1096924743101
              ],
              [
                127.18176643550542,
                39.11912591824066
              ],
              [
                127.16912095505812,
                39.120882307680446
              ],
              [
                127.17085979245844,
                39.130314253527715
              ],
              [
                127.14556883156385,
                39.13382643070049
              ],
              [
                127.15947953076657,
                39.20923275767598
              ],
              [
                127.09625212853003,
                39.21800302406972
              ],
              [
                127.09799096593038,
                39.22742195239386
              ],
              [
                127.04740904414116,
                39.23443643542878
              ],
              [
                127.04914788154151,
                39.24385315843188
              ],
              [
                127.03228724136662,
                39.246190849753596
              ],
              [
                126.99682712235196,
                39.24145021729136
              ],
              [
                126.92490553311372,
                39.203124475466915
              ],
              [
                126.84903265042988,
                39.213649579096
              ],
              [
                126.80262393840148,
                39.24326788571808
              ],
              [
                126.80192840344132,
                39.23950131677096
              ],
              [
                126.77663744254671,
                39.243008042177024
              ],
              [
                126.77489860514639,
                39.23359120572739
              ],
              [
                126.74960764425175,
                39.23709822655453
              ],
              [
                126.74612996945109,
                39.21826170322566
              ],
              [
                126.73348448900379,
                39.22001561858964
              ],
              [
                126.72826797680274,
                39.19175206108295
              ],
              [
                126.71562249635545,
                39.1935066385477
              ],
              [
                126.7104059841544,
                39.16523241461211
              ],
              [
                126.69776050370712,
                39.1669876540517
              ],
              [
                126.69602166630679,
                39.15756062118041
              ],
              [
                126.68337618585947,
                39.159316052050706
              ],
              [
                126.6798985110588,
                39.1404586670091
              ],
              [
                126.66725303061148,
                39.14221452450326
              ],
              [
                126.66377535581078,
                39.1233525573757
              ],
              [
                126.6511298753635,
                39.12510884144091
              ],
              [
                126.64417452576212,
                39.08737069296057
              ],
              [
                126.63152904531482,
                39.08912787378606
              ],
              [
                126.62979020791448,
                39.079690414986366
              ],
              [
                126.61714472746716,
                39.08144778713434
              ],
              [
                126.61540589006681,
                39.07200930086553
              ],
              [
                126.60276040961952,
                39.073766864325236
              ],
              [
                126.59928273481884,
                39.05488657455438
              ],
              [
                126.5739917739242,
                39.05840251042301
              ],
              [
                126.57225293652388,
                39.04896094209389
              ],
              [
                126.55960745607659,
                39.05071907942412
              ],
              [
                126.55786861867624,
                39.041276483857494
              ],
              [
                126.54522313822892,
                39.0430348124563
              ],
              [
                126.54174546342824,
                39.024146304839114
              ],
              [
                126.52909998298095,
                39.0259050596996
              ],
              [
                126.5273611455806,
                39.01645914777884
              ],
              [
                126.51471566513331,
                39.018218093872896
              ],
              [
                126.51297682773294,
                39.00877115496088
              ],
              [
                126.50033134728564,
                39.010530292277615
              ],
              [
                126.4985925098853,
                39.001082326432815
              ],
              [
                126.4733015489907,
                39.004600939740314
              ],
              [
                126.47156271159035,
                38.99515218197169
              ],
              [
                126.45891723114303,
                38.99691165795405
              ],
              [
                126.45717839374271,
                38.98746187335635
              ],
              [
                126.4318874328481,
                38.990981163960875
              ],
              [
                126.43014859544775,
                38.98153058751943
              ],
              [
                126.40485763455314,
                38.985050173003714
              ],
              [
                126.40311879715281,
                38.97559880475346
              ],
              [
                126.36518235581087,
                38.98087855966747
              ],
              [
                126.36344351841055,
                38.97142663455237
              ],
              [
                126.26227967483209,
                38.98550593566401
              ],
              [
                126.26054083743176,
                38.976054628256136
              ],
              [
                126.23208850642531,
                38.980014455859
              ],
              [
                126.19383576039456,
                38.96594989395123
              ],
              [
                126.08571656721473,
                38.94221456162636
              ],
              [
                126.08397772981439,
                38.93275747767479
              ],
              [
                126.07133224936709,
                38.93451850396703
              ],
              [
                126.06959341196675,
                38.9250603936645
              ],
              [
                125.9810750488356,
                38.937387997194044
              ],
              [
                125.97759737403493,
                38.91847128077102
              ],
              [
                125.95230641314032,
                38.92199399897851
              ],
              [
                125.95056757573997,
                38.91253421876523
              ],
              [
                125.93792209529265,
                38.91429574709307
              ],
              [
                125.93618325789232,
                38.90483494068483
              ],
              [
                125.94882873833964,
                38.90307317756516
              ],
              [
                125.9401345513379,
                38.85574905991549
              ],
              [
                125.87690714910138,
                38.86456330702578
              ],
              [
                125.87864598650172,
                38.8740294782377
              ],
              [
                125.85335502560712,
                38.8775544017065
              ],
              [
                125.85161618820676,
                38.868088699944664
              ],
              [
                125.83897070775947,
                38.86985133084637
              ],
              [
                125.83723187035915,
                38.86038460323426
              ],
              [
                125.81194090946452,
                38.86391020335446
              ],
              [
                125.81020207206416,
                38.854442684654366
              ],
              [
                125.79755659161685,
                38.856205653864244
              ],
              [
                125.79581775421654,
                38.8467371094202
              ],
              [
                125.78317227376924,
                38.84850026962037
              ],
              [
                125.78143343636887,
                38.83903069949247
              ],
              [
                125.76878795592157,
                38.84079405067172
              ],
              [
                125.76704911852123,
                38.83132345492022
              ],
              [
                125.71646719673201,
                38.83837736134398
              ],
              [
                125.71472835933167,
                38.82890644398969
              ],
              [
                125.67679191798976,
                38.834197118995924
              ],
              [
                125.67505308058941,
                38.82472564539243
              ],
              [
                125.66240760014209,
                38.82648935099277
              ],
              [
                125.66066876274176,
                38.817016851877646
              ],
              [
                125.64802328229447,
                38.818780748425
              ],
              [
                125.64628444489412,
                38.809307223858696
              ],
              [
                125.6336389644468,
                38.81107131134176
              ],
              [
                125.62842245224579,
                38.782643881791174
              ],
              [
                125.61577697179847,
                38.784408629369146
              ],
              [
                125.61229929699779,
                38.765451179916454
              ],
              [
                125.59965381655047,
                38.7672163529254
              ],
              [
                125.59791497915016,
                38.75773597332141
              ],
              [
                125.58526949870286,
                38.759501337190386
              ],
              [
                125.58005298650181,
                38.73105334524991
              ],
              [
                125.56740750605452,
                38.732819368951255
              ],
              [
                125.56566866865417,
                38.72333442083755
              ],
              [
                125.55302318820685,
                38.72510063534809
              ],
              [
                125.55128435080653,
                38.71561466252376
              ],
              [
                125.53863887035921,
                38.71738106783205
              ],
              [
                125.53516119555854,
                38.698405813873954
              ],
              [
                125.52251571511123,
                38.70017264439225
              ],
              [
                125.52077687771087,
                38.69068336339587
              ],
              [
                125.50813139726357,
                38.692450384674856
              ],
              [
                125.5046537224629,
                38.67346851501609
              ],
              [
                125.54259016380482,
                38.66816591396101
              ],
              [
                125.54085132640446,
                38.6586723880136
              ],
              [
                125.55349680685177,
                38.65690453270414
              ],
              [
                125.55175796945142,
                38.6474095139001
              ],
              [
                125.56440344989873,
                38.64564138062962
              ],
              [
                125.56092577509804,
                38.62664709926933
              ],
              [
                125.57357125554536,
                38.6248784537739
              ],
              [
                125.571832418145,
                38.615379191462
              ],
              [
                125.58447789859231,
                38.61361026807574
              ],
              [
                125.57752254899096,
                38.575599701910306
              ],
              [
                125.47635870541251,
                38.58975736313458
              ],
              [
                125.47809754281283,
                38.59926001779419
              ],
              [
                125.46545206236556,
                38.60102929498073
              ],
              [
                125.46719089976588,
                38.61053045746282
              ],
              [
                125.45454541931859,
                38.612299456790076
              ],
              [
                125.45628425671893,
                38.621799126961406
              ],
              [
                125.44363877627164,
                38.623567848404576
              ],
              [
                125.44537761367197,
                38.633066026132134
              ],
              [
                125.43273213322466,
                38.63483446966648
              ],
              [
                125.43447097062499,
                38.64433115481754
              ],
              [
                125.4218254901777,
                38.646099320418365
              ],
              [
                125.42530316497839,
                38.66508844680641
              ],
              [
                125.38736672363648,
                38.670391275785505
              ],
              [
                125.38562788623612,
                38.66089804488492
              ],
              [
                125.3729824057888,
                38.66266580162289
              ],
              [
                125.36950473098814,
                38.64367603292771
              ],
              [
                125.35685925054082,
                38.6454442146936
              ],
              [
                125.35164273833978,
                38.616950826915875
              ],
              [
                125.3389972578925,
                38.618719667925944
              ],
              [
                125.33204190829112,
                38.5807118080075
              ],
              [
                125.31939642784381,
                38.58248154232906
              ],
              [
                125.31765759044347,
                38.572976666923324
              ],
              [
                125.30501210999617,
                38.574746591828635
              ],
              [
                125.30327327259583,
                38.56524069292375
              ],
              [
                125.29062779214853,
                38.56701080840108
              ],
              [
                125.28888895474816,
                38.55750388606016
              ],
              [
                125.23830703295896,
                38.564584848605605
              ],
              [
                125.2400458703593,
                38.57409083427324
              ],
              [
                125.16417298767547,
                38.58470956490239
              ],
              [
                125.15895647547444,
                38.55619205023389
              ],
              [
                125.17160195592176,
                38.55442166828919
              ],
              [
                125.16812428112107,
                38.53540323589654
              ],
              [
                125.18076976156838,
                38.533632342097924
              ],
              [
                125.17903092416803,
                38.524121005808645
              ],
              [
                125.19167640461534,
                38.52234983432105
              ],
              [
                125.18472105501397,
                38.48429098209055
              ],
              [
                125.17207557456665,
                38.48606308978918
              ],
              [
                125.17033673716632,
                38.47654546855023
              ],
              [
                125.157691256719,
                38.478317766685244
              ],
              [
                125.15595241931865,
                38.46879912273898
              ],
              [
                125.11801597797677,
                38.474116457708895
              ],
              [
                125.11975481537709,
                38.48363439965547
              ],
              [
                125.10710933492979,
                38.48540652349851
              ],
              [
                125.10884817233014,
                38.49492297464798
              ],
              [
                125.0709117309882,
                38.50023838263341
              ],
              [
                125.06917289358788,
                38.49072263357783
              ],
              [
                125.05652741314059,
                38.49249458311892
              ],
              [
                125.0530497383399,
                38.47345978259299
              ],
              [
                125.06569521878718,
                38.47168736502989
              ],
              [
                125.05700103178548,
                38.42407720396441
              ],
              [
                125.0696465122328,
                38.42230357310938
              ],
              [
                125.06269116263141,
                38.384191897254624
              ],
              [
                125.0500456821841,
                38.38596646356044
              ],
              [
                125.04830684478377,
                38.376435638780706
              ],
              [
                125.03566136433646,
                38.378210395367695
              ],
              [
                125.03392252693612,
                38.36867854871494
              ],
              [
                125.02127704648882,
                38.370453495570956
              ],
              [
                125.01953820908845,
                38.36092062711033
              ],
              [
                125.00689272864118,
                38.36269576422325
              ],
              [
                125.00515389124084,
                38.35316187402001
              ],
              [
                124.97986293034621,
                38.35671248520715
              ],
              [
                124.97812409294586,
                38.34717780708738
              ],
              [
                124.96547861249857,
                38.34895328115221
              ],
              [
                124.96200093769788,
                38.32988062636681
              ],
              [
                124.94935545725058,
                38.33165652438561
              ],
              [
                124.94066127024887,
                38.28395409165701
              ],
              [
                124.95330675069617,
                38.28217702526161
              ],
              [
                124.94809023849513,
                38.25353980745322
              ],
              [
                124.96073571894244,
                38.25176199676319
              ],
              [
                124.95899688154212,
                38.24221351500887
              ],
              [
                124.9716423619894,
                38.24043542727123
              ],
              [
                124.96990352458907,
                38.230885457702435
              ],
              [
                124.98254900503639,
                38.229107092943494
              ],
              [
                124.975593655435,
                38.19089374015514
              ],
              [
                124.9629481749877,
                38.192673038864534
              ],
              [
                124.96120933758736,
                38.18311679951926
              ],
              [
                124.93591837669277,
                38.18667573342129
              ],
              [
                124.93417953929242,
                38.17711870727804
              ],
              [
                124.90888857839778,
                38.180677934179805
              ],
              [
                124.90714974099745,
                38.171120121278534
              ],
              [
                124.88185878010285,
                38.17467964116515
              ],
              [
                124.88011994270249,
                38.16512104154585
              ],
              [
                124.8674744622552,
                38.166900969704024
              ],
              [
                124.86573562485485,
                38.15734135001369
              ],
              [
                124.84044466396026,
                38.16090154273972
              ],
              [
                124.83870582655989,
                38.15134113642337
              ],
              [
                124.8134148656653,
                38.15490162208507
              ],
              [
                124.81167602826496,
                38.14534042918283
              ],
              [
                124.77373958692303,
                38.15068153187713
              ],
              [
                124.77200074952269,
                38.141119785786486
              ],
              [
                124.7593552690754,
                38.14290029980547
              ],
              [
                124.75761643167505,
                38.13333753385197
              ],
              [
                124.74497095122773,
                38.13511823776546
              ],
              [
                124.7432321138274,
                38.12555445201675
              ],
              [
                124.75587759427472,
                38.123773514776914
              ],
              [
                124.752399919474,
                38.104641717671484
              ],
              [
                124.76504539992132,
                38.102860270399425
              ],
              [
                124.76678423732167,
                38.112427028695194
              ],
              [
                124.93117548313664,
                38.08926729409797
              ],
              [
                124.93291432053697,
                38.09883583212105
              ],
              [
                124.9834962423262,
                38.0917092162111
              ],
              [
                124.98175740492587,
                38.08213974519378
              ],
              [
                125.0576302876097,
                38.07144711900177
              ],
              [
                125.05589145020937,
                38.061874996143196
              ],
              [
                125.15705529378779,
                38.047613863992865
              ],
              [
                125.15879413118815,
                38.05718785234281
              ],
              [
                125.19673057253004,
                38.051839910914346
              ],
              [
                125.1984694099304,
                38.061413346519075
              ],
              [
                125.26169681216692,
                38.05250040833263
              ],
              [
                125.25995797476658,
                38.04292580686984
              ],
              [
                125.2726034552139,
                38.041142855817405
              ],
              [
                125.26390926821219,
                37.993249902834805
              ],
              [
                125.25126378776487,
                37.99503401940123
              ],
              [
                125.24952495036452,
                37.98545190660503
              ],
              [
                125.22423398946992,
                37.98902047565045
              ],
              [
                125.22249515206958,
                37.979437577391316
              ],
              [
                125.15926774983305,
                37.98835940582626
              ],
              [
                125.15752891243271,
                37.978776421227515
              ],
              [
                125.1448834319854,
                37.98056088977266
              ],
              [
                125.14140575718471,
                37.96139163233753
              ],
              [
                125.1287602767374,
                37.96317652351055
              ],
              [
                125.12702143933707,
                37.95359025082891
              ],
              [
                125.11437595888975,
                37.95537533160175
              ],
              [
                125.11263712148943,
                37.94578804070848
              ],
              [
                125.0620551997002,
                37.95292886187909
              ],
              [
                125.06031636229987,
                37.94334125170919
              ],
              [
                125.04767088185255,
                37.94512658151691
              ],
              [
                125.04593204445223,
                37.935537953226884
              ],
              [
                125.03328656400491,
                37.93732347260441
              ],
              [
                125.0280700518039,
                37.908550781014725
              ],
              [
                125.04071553225118,
                37.90676456291566
              ],
              [
                125.03897669485085,
                37.897170931350324
              ],
              [
                125.05162217529814,
                37.895384437025136
              ],
              [
                125.04988333789781,
                37.88578932206105
              ],
              [
                125.0625288183451,
                37.8840025515375
              ],
              [
                125.06078998094476,
                37.87440595332403
              ],
              [
                125.07343546139208,
                37.87261890662995
              ],
              [
                125.07169662399174,
                37.863020825316646
              ],
              [
                125.09698758488635,
                37.85944613629867
              ],
              [
                125.095248747486,
                37.8498463392652
              ],
              [
                125.14583066927521,
                37.84269551006484
              ],
              [
                125.14409183187489,
                37.8330935320375
              ],
              [
                125.1820282732168,
                37.82772925690806
              ],
              [
                125.18376711061713,
                37.837331933119586
              ],
              [
                125.22170355195904,
                37.831967966156455
              ],
              [
                125.2234423893594,
                37.84157009068815
              ],
              [
                125.248733350254,
                37.83799436150051
              ],
              [
                125.25047218765435,
                37.84759570158962
              ],
              [
                125.26311766810167,
                37.84580800473403
              ],
              [
                125.264856505502,
                37.8554083275803
              ],
              [
                125.31543842729123,
                37.84825803778923
              ],
              [
                125.31717726469157,
                37.857858041633754
              ],
              [
                125.34246822558619,
                37.85428310222094
              ],
              [
                125.34420706298651,
                37.86388232150914
              ],
              [
                125.40743446522306,
                37.85494537834799
              ],
              [
                125.40917330262339,
                37.86454451139114
              ],
              [
                125.42181878307068,
                37.86275722550685
              ],
              [
                125.42355762047103,
                37.87235534115387
              ],
              [
                125.49943050315485,
                37.86163211232835
              ],
              [
                125.49769166575453,
                37.852032599977626
              ],
              [
                125.51033714620182,
                37.85024501069193
              ],
              [
                125.50859830880148,
                37.84064401553607
              ],
              [
                125.5212437892488,
                37.83885615016265
              ],
              [
                125.51602727704778,
                37.81004496743688
              ],
              [
                125.50338179660046,
                37.81183353093299
              ],
              [
                125.50164295920011,
                37.80222753671066
              ],
              [
                125.4889974787528,
                37.804016289552656
              ],
              [
                125.48551980395214,
                37.78480101800321
              ],
              [
                125.47287432350483,
                37.78659019281281
              ],
              [
                125.47113548610449,
                37.77698091564461
              ],
              [
                125.45849000565718,
                37.77877027975721
              ],
              [
                125.45675116825683,
                37.769159985972365
              ],
              [
                125.44410568780951,
                37.77094953937468
              ],
              [
                125.44236685040919,
                37.76133822904472
              ],
              [
                125.4297213699619,
                37.76312797172338
              ],
              [
                125.42798253256153,
                37.7535156449199
              ],
              [
                125.41533705211423,
                37.75530557686161
              ],
              [
                125.41359821471389,
                37.74569223365629
              ],
              [
                125.40095273426661,
                37.747482354847676
              ],
              [
                125.39921389686624,
                37.73786799531233
              ],
              [
                125.38656841641894,
                37.739658305739994
              ],
              [
                125.3848295790186,
                37.73004292994644
              ],
              [
                125.3721840985713,
                37.73183342959704
              ],
              [
                125.37044526117096,
                37.722217037617234
              ],
              [
                125.35779978072365,
                37.724007726477346
              ],
              [
                125.35606094332329,
                37.71439031838333
              ],
              [
                125.343415462876,
                37.716181196439514
              ],
              [
                125.33472127587427,
                37.66807659264728
              ],
              [
                125.34736675632159,
                37.666284552459494
              ],
              [
                125.34562791892125,
                37.656659654949415
              ],
              [
                125.37091887981586,
                37.65307498005025
              ],
              [
                125.37265771721621,
                37.66270034227921
              ],
              [
                125.39794867811081,
                37.65911595903071
              ],
              [
                125.39968751551116,
                37.668740538082666
              ],
              [
                125.41233299595845,
                37.666948513926165
              ],
              [
                125.41407183335882,
                37.676572077374736
              ],
              [
                125.4267173138061,
                37.67478024233268
              ],
              [
                125.42845615120646,
                37.68440279010524
              ],
              [
                125.44110163165374,
                37.68261114419113
              ],
              [
                125.4428404690541,
                37.69223267621515
              ],
              [
                125.45548594950141,
                37.6904412194425
              ],
              [
                125.45722478690175,
                37.70006173564552
              ],
              [
                125.46987026734905,
                37.69827046802782
              ],
              [
                125.47334794214974,
                37.71750822021167
              ],
              [
                125.48599342259706,
                37.71571737423219
              ],
              [
                125.48773225999736,
                37.72533461005206
              ],
              [
                125.50037774044468,
                37.72354395327093
              ],
              [
                125.50211657784503,
                37.733160172964354
              ],
              [
                125.51476205829235,
                37.731369705395025
              ],
              [
                125.51650089569267,
                37.74098490888999
              ],
              [
                125.63031021971842,
                37.724870845153944
              ],
              [
                125.63204905711878,
                37.73448689255893
              ],
              [
                125.64469453756608,
                37.732696457071235
              ],
              [
                125.64643337496642,
                37.74231148826556
              ],
              [
                125.65907885541371,
                37.74052124200532
              ],
              [
                125.66081769281406,
                37.750135256917076
              ],
              [
                125.67346317326138,
                37.74834519989766
              ],
              [
                125.68041852286272,
                37.7867896996871
              ],
              [
                125.66777304241543,
                37.788578826350914
              ],
              [
                125.67646722941714,
                37.83660517706948
              ],
              [
                125.68911270986446,
                37.834817213801486
              ],
              [
                125.69085154726478,
                37.84441896746613
              ],
              [
                125.7034970277121,
                37.84263119359915
              ],
              [
                125.71219121471381,
                37.890622374224
              ],
              [
                125.67425477337189,
                37.89598207383066
              ],
              [
                125.68121012297327,
                37.93434971564591
              ],
              [
                125.76972848610438,
                37.92184966356484
              ],
              [
                125.76798964870405,
                37.912257998924936
              ],
              [
                125.79328060959865,
                37.9086856993664
              ],
              [
                125.79154177219831,
                37.89909231825843
              ],
              [
                125.81683273309295,
                37.89551937951644
              ],
              [
                125.81509389569258,
                37.8859242821399
              ],
              [
                125.8277393761399,
                37.88413751489102
              ],
              [
                125.82600053873955,
                37.874540934263294
              ],
              [
                125.83864601918685,
                37.872753890843576
              ],
              [
                125.83690718178653,
                37.86315582711424
              ],
              [
                125.84955266223382,
                37.86136850755154
              ],
              [
                125.84781382483348,
                37.85176896087045
              ],
              [
                125.8604593052808,
                37.84998136519269
              ],
              [
                125.85872046788045,
                37.840380335709945
              ],
              [
                125.87136594832775,
                37.8385924639451
              ],
              [
                125.86788827352707,
                37.81938618987959
              ],
              [
                125.88053375397438,
                37.81759780935238
              ],
              [
                125.87879491657402,
                37.8079925650474
              ],
              [
                125.92937683836325,
                37.800837678972535
              ],
              [
                125.93285451316395,
                37.820048779384415
              ],
              [
                125.94549999361125,
                37.81826041491041
              ],
              [
                125.94723883101159,
                37.827864323328306
              ],
              [
                125.9978207528008,
                37.820711362941395
              ],
              [
                125.99608191540045,
                37.81110652374194
              ],
              [
                126.03401835674237,
                37.80574065044889
              ],
              [
                126.03227951934204,
                37.79613386366468
              ],
              [
                126.04492499978933,
                37.794344919931646
              ],
              [
                126.04318616238899,
                37.784736651082504
              ],
              [
                126.05583164283631,
                37.7829474313997
              ],
              [
                126.05409280543597,
                37.77333768063722
              ],
              [
                126.06673828588326,
                37.77154818503288
              ],
              [
                126.06499944848294,
                37.76193695250893
              ],
              [
                126.07764492893023,
                37.76014718101137
              ],
              [
                126.07416725412956,
                37.74092050382726
              ],
              [
                126.08681273457687,
                37.73913022392546
              ],
              [
                126.07985738497547,
                37.700660954762576
              ],
              [
                126.09250286542279,
                37.698869701623764
              ],
              [
                126.08902519062212,
                37.67962711163773
              ],
              [
                126.10167067106941,
                37.67783535037711
              ],
              [
                126.09993183366907,
                37.66821195076814
              ],
              [
                126.1505137554583,
                37.66104354348173
              ],
              [
                126.15225259285864,
                37.67066787261134
              ],
              [
                126.16489807330592,
                37.66887589499261
              ],
              [
                126.16663691070629,
                37.67849920850094
              ],
              [
                126.2172188324955,
                37.67133179486443
              ],
              [
                126.21547999509518,
                37.66170755182984
              ],
              [
                126.27870739733169,
                37.65274614938181
              ],
              [
                126.27696855993136,
                37.6431194967171
              ],
              [
                126.28961404037865,
                37.641326854102765
              ],
              [
                126.28787520297831,
                37.631698721428165
              ],
              [
                126.30052068342563,
                37.62990580324702
              ],
              [
                126.29704300862493,
                37.610645330752
              ],
              [
                126.30968848907223,
                37.608851904769665
              ],
              [
                126.3079496516719,
                37.59921956523575
              ],
              [
                126.32059513211921,
                37.597425863768905
              ],
              [
                126.31885629471886,
                37.58779204482248
              ],
              [
                126.34414725561348,
                37.58420404774125
              ],
              [
                126.34588609301382,
                37.593838331112536
              ],
              [
                126.38382253435573,
                37.58845670783209
              ],
              [
                126.38034485955504,
                37.56918550091332
              ],
              [
                126.39299034000236,
                37.567391075640934
              ],
              [
                126.38777382780134,
                37.53847421778204
              ],
              [
                126.40041930824863,
                37.536679052893376
              ],
              [
                126.39868047084829,
                37.527037375052
              ],
              [
                126.41132595129558,
                37.52524193486297
              ],
              [
                126.40958711389526,
                37.51559877859889
              ],
              [
                126.42223259434253,
                37.51380306313884
              ],
              [
                126.42049375694224,
                37.50415842860979
              ],
              [
                126.44578471783683,
                37.500566404003486
              ],
              [
                126.44404588043648,
                37.490920059358196
              ],
              [
                126.507273282673,
                37.48193808182833
              ],
              [
                126.50901212007335,
                37.49158558646124
              ],
              [
                126.52165760052065,
                37.48978929335407
              ],
              [
                126.523396437921,
                37.49943578404645
              ],
              [
                126.53604191836831,
                37.497639679744275
              ],
              [
                126.54125843056933,
                37.52657237127322
              ],
              [
                126.55390391101663,
                37.524776919892425
              ],
              [
                126.555642748417,
                37.534418889924964
              ],
              [
                126.59357918975888,
                37.529032972737895
              ],
              [
                126.59184035235855,
                37.51939030648095
              ],
              [
                126.60448583280586,
                37.51759468225649
              ],
              [
                126.60274699540551,
                37.50795053768227
              ],
              [
                126.64068343674745,
                37.502562709642
              ],
              [
                126.63720576194676,
                37.48326929014989
              ],
              [
                126.64985124239405,
                37.48147279706438
              ],
              [
                126.64811240499371,
                37.47182398651896
              ],
              [
                126.66075788544103,
                37.47002721827513
              ],
              [
                126.65728021064034,
                37.45072539628339
              ],
              [
                126.66992569108763,
                37.448928120992974
              ],
              [
                126.64905964228353,
                37.33300982009355
              ],
              [
                126.66170512273085,
                37.331209720308316
              ],
              [
                126.65996628533048,
                37.321541541022604
              ],
              [
                126.6726117657778,
                37.31974116647082
              ],
              [
                126.67087292837745,
                37.31007151163168
              ],
              [
                126.69616388927207,
                37.30647016993192
              ],
              [
                126.69442505187175,
                37.29679880811926
              ],
              [
                126.71971601276634,
                37.293196830775244
              ],
              [
                126.71623833796565,
                37.27384945015148
              ],
              [
                126.72888381841297,
                37.2720479337269
              ],
              [
                126.7219284688116,
                37.233337327065435
              ],
              [
                126.7345739492589,
                37.23153484165565
              ],
              [
                126.73283511185858,
                37.221853851074776
              ],
              [
                126.74548059230587,
                37.22005109116252
              ],
              [
                126.74374175490553,
                37.2103686264475
              ],
              [
                126.83226011803664,
                37.19774648106293
              ],
              [
                126.82356593103493,
                37.14930742498587
              ],
              [
                126.81092045058763,
                37.151111874325764
              ],
              [
                126.80744277578697,
                37.131728020451135
              ],
              [
                126.79479729533965,
                37.133532889177715
              ],
              [
                126.79305845793932,
                37.12383933089461
              ],
              [
                126.75512201659741,
                37.12925437236118
              ],
              [
                126.75686085399774,
                37.138947237052
              ],
              [
                126.74421537355043,
                37.14075193357241
              ],
              [
                126.74595421095076,
                37.150443325296884
              ],
              [
                126.70801776960887,
                37.155856462826826
              ],
              [
                126.70627893220852,
                37.146165764809865
              ],
              [
                126.6936334517612,
                37.14797028911189
              ],
              [
                126.69189461436086,
                37.138278580490244
              ],
              [
                126.67924913391356,
                37.14008329296189
              ],
              [
                126.67577145911287,
                37.12069661303154
              ],
              [
                126.66312597866556,
                37.1225017448444
              ],
              [
                126.65443179166385,
                37.07401447617105
              ],
              [
                126.66707727211116,
                37.07220818875902
              ],
              [
                126.66186075991014,
                37.04310024219176
              ],
              [
                126.67450624035746,
                37.04129321867473
              ],
              [
                126.6727674029571,
                37.03158785755261
              ],
              [
                126.71070384429902,
                37.02616583601591
              ],
              [
                126.71244268169937,
                37.03587189005999
              ],
              [
                126.72508816214669,
                37.034064694503094
              ],
              [
                126.72856583694734,
                37.05347354305083
              ],
              [
                126.74121131739466,
                37.051666766475904
              ],
              [
                126.742950154795,
                37.06136956080271
              ],
              [
                126.76824111568962,
                37.05775634065136
              ],
              [
                126.76997995308994,
                37.067458356279566
              ],
              [
                126.80791639443189,
                37.062038896520555
              ],
              [
                126.80269988223084,
                37.03292704842003
              ],
              [
                126.79005440178355,
                37.034734271050425
              ],
              [
                126.7883155643832,
                37.0250280716137
              ],
              [
                126.77567008393589,
                37.02683548220299
              ],
              [
                126.77393124653555,
                37.01712827337224
              ],
              [
                126.76128576608824,
                37.018935871905605
              ],
              [
                126.75085274168617,
                36.960667963298434
              ],
              [
                126.76349822213349,
                36.958858979542164
              ],
              [
                126.76175938473314,
                36.94914309155623
              ],
              [
                126.79969582607508,
                36.94371519008683
              ],
              [
                126.8014346634754,
                36.95343177042259
              ],
              [
                126.82672562437001,
                36.94981341614172
              ],
              [
                126.82846446177037,
                36.95952921861912
              ],
              [
                126.84110994221768,
                36.95772020780972
              ],
              [
                126.84284877961801,
                36.967435001573584
              ],
              [
                126.85549426006533,
                36.96562617859643
              ],
              [
                126.85723309746565,
                36.97533996356656
              ],
              [
                126.90781501925488,
                36.96810516515782
              ],
              [
                126.90607618185454,
                36.95839045690988
              ],
              [
                126.91872166230186,
                36.95658141904765
              ],
              [
                126.91176631270046,
                36.917709269150244
              ],
              [
                126.89912083225317,
                36.91951923002232
              ],
              [
                126.89738199485285,
                36.909798325434046
              ],
              [
                126.85944555351091,
                36.915228642408344
              ],
              [
                126.85770671611057,
                36.90550719096178
              ],
              [
                126.84506123566328,
                36.90731744139749
              ],
              [
                126.83984472346224,
                36.87814634638541
              ],
              [
                126.86513568435687,
                36.87452441870699
              ],
              [
                126.8633968469565,
                36.864797782002704
              ],
              [
                126.90133328829843,
                36.85936387668603
              ],
              [
                126.89959445089809,
                36.84963530995496
              ],
              [
                126.91223993134538,
                36.84782369176214
              ],
              [
                126.91050109394506,
                36.83809365635384
              ],
              [
                126.93579205483965,
                36.834469830136044
              ],
              [
                126.93753089224,
                36.84420032659538
              ],
              [
                126.95017637268732,
                36.84238857962301
              ],
              [
                126.95191521008765,
                36.85211806854776
              ],
              [
                127.00249713187688,
                36.844871573542484
              ]
            ]
          ],
          [
            [
              [
                129.5663565551308,
                35.06027461898827
              ],
              [
                129.5410655942362,
                35.063980750162585
              ],
              [
                129.53932675683586,
                35.05402847503371
              ],
              [
                129.52668127638853,
                35.05588170341386
              ],
              [
                129.52146476418753,
                35.026018277920194
              ],
              [
                129.55940120552944,
                35.02045643418759
              ],
              [
                129.5663565551308,
                35.06027461898827
              ]
            ]
          ]
        ]
      },
      "properties": {
        "name": "漢州",
        "native_name": "한주",
        "year": 757,
        "source_map_label": "漢州",
        "source_label_pixel": [
          340,
          385
        ],
        "map_year": 757,
        "date_precision": "reference_year",
        "boundary_basis": "digitized_published_map"
      }
    },
    {
      "type": "Feature",
      "id": "silla-2",
      "geometry": {
        "type": "Polygon",
        "coordinates": [
          [
            [
              127.15947953076657,
              39.20923275767598
            ],
            [
              127.14556883156385,
              39.13382643070049
            ],
            [
              127.17085979245844,
              39.130314253527715
            ],
            [
              127.16912095505812,
              39.120882307680446
            ],
            [
              127.18176643550542,
              39.11912591824066
            ],
            [
              127.18002759810507,
              39.1096924743101
            ],
            [
              127.19267307855239,
              39.107935805935114
            ],
            [
              127.18745656635134,
              39.07962719216763
            ],
            [
              127.20010204679865,
              39.07786977467053
            ],
            [
              127.19662437199797,
              39.058990582441886
            ],
            [
              127.20926985244527,
              39.057232651032415
            ],
            [
              127.20405334024426,
              39.02890369011476
            ],
            [
              127.21669882069155,
              39.0271450098617
            ],
            [
              127.21495998329122,
              39.01769926361624
            ],
            [
              127.2276054637385,
              39.01594030461606
            ],
            [
              127.22586662633817,
              39.006493061420336
            ],
            [
              127.25115758723278,
              39.002974542221764
            ],
            [
              127.25289642463314,
              39.01242225535485
            ],
            [
              127.26554190508044,
              39.01066316509496
            ],
            [
              127.26728074248078,
              39.02010985128085
            ],
            [
              127.27992622292808,
              39.018350952246315
            ],
            [
              127.28166506032842,
              39.027796611426595
            ],
            [
              127.29431054077574,
              39.02603790362831
            ],
            [
              127.29604937817606,
              39.03548253574464
            ],
            [
              127.33398581951798,
              39.03020685481294
            ],
            [
              127.33224698211765,
              39.02076151769326
            ],
            [
              127.35753794301225,
              39.01724370829212
            ],
            [
              127.35579910561192,
              39.00779663921275
            ],
            [
              127.38109006650652,
              39.0042781848528
            ],
            [
              127.37935122910619,
              38.99482938397997
            ],
            [
              127.3919967095535,
              38.99306985622477
            ],
            [
              127.38851903475279,
              38.97416799942814
            ],
            [
              127.4011645152001,
              38.97240795808243
            ],
            [
              127.39073149079806,
              38.91567070374998
            ],
            [
              127.40337697124535,
              38.91390920954886
            ],
            [
              127.39816045904433,
              38.88552285311881
            ],
            [
              127.41080593949165,
              38.883760610874084
            ],
            [
              127.40732826469096,
              38.86482959999072
            ],
            [
              127.41997374513828,
              38.86306684457697
            ],
            [
              127.41649607033759,
              38.844130322174784
            ],
            [
              127.42914155078489,
              38.84236705367265
            ],
            [
              127.42566387598421,
              38.82342502061934
            ],
            [
              127.4383093564315,
              38.82166123910975
            ],
            [
              127.43657051903116,
              38.81218809770599
            ],
            [
              127.44921599947848,
              38.81042403787981
            ],
            [
              127.44747716207813,
              38.80094940184031
            ],
            [
              127.46012264252543,
              38.79918506372153
            ],
            [
              127.45838380512508,
              38.78970893317507
            ],
            [
              127.4710292855724,
              38.78794431678766
            ],
            [
              127.46929044817206,
              38.77846669186329
            ],
            [
              127.48193592861935,
              38.776701797231304
            ],
            [
              127.47845825381866,
              38.75774229929473
            ],
            [
              127.49110373426598,
              38.7559768919138
            ],
            [
              127.47371536026256,
              38.66110150282212
            ],
            [
              127.46106987981526,
              38.66286925453793
            ],
            [
              127.44542034321218,
              38.577375904120196
            ],
            [
              127.43277486276486,
              38.57914572063802
            ],
            [
              127.43103602536453,
              38.569640403810574
            ],
            [
              127.41839054491722,
              38.5714104109071
            ],
            [
              127.41491287011655,
              38.552396472745734
            ],
            [
              127.42755835056384,
              38.550625997330435
            ],
            [
              127.4258195131635,
              38.541116907868584
            ],
            [
              127.45111047405811,
              38.53757535799095
            ],
            [
              127.44937163665779,
              38.52806454295558
            ],
            [
              127.46201711710506,
              38.526293468522276
            ],
            [
              127.46027827970474,
              38.51678116217767
            ],
            [
              127.47292376015203,
              38.515009810071724
            ],
            [
              127.46944608535136,
              38.4959809580402
            ],
            [
              127.48209156579867,
              38.49420909424226
            ],
            [
              127.48035272839832,
              38.48469254880505
            ],
            [
              127.4929982088456,
              38.482920407406205
            ],
            [
              127.4843040218439,
              38.43531766056173
            ],
            [
              127.47165854139661,
              38.43709097180633
            ],
            [
              127.46991970399625,
              38.42756688712309
            ],
            [
              127.45727422354896,
              38.429340388728434
            ],
            [
              127.45205771134795,
              38.40076129951031
            ],
            [
              127.43941223090064,
              38.402535459216715
            ],
            [
              127.43767339350028,
              38.39300681801092
            ],
            [
              127.42502791305297,
              38.394781168024345
            ],
            [
              127.42155023825231,
              38.37572058582268
            ],
            [
              127.40890475780499,
              38.37749535995014
            ],
            [
              127.40716592040467,
              38.36796341909923
            ],
            [
              127.39452043995735,
              38.36973838349461
            ],
            [
              127.392781602557,
              38.36020542084185
            ],
            [
              127.38013612210968,
              38.361980575493
            ],
            [
              127.37839728470935,
              38.35244659110365
            ],
            [
              127.36575180426206,
              38.354221935998424
            ],
            [
              127.34314691805761,
              38.230168968563824
            ],
            [
              127.33050143761032,
              38.23194730735878
            ],
            [
              127.31311306360688,
              38.136380043549174
            ],
            [
              127.32575854405417,
              38.134599370423494
            ],
            [
              127.32401970665384,
              38.125035516686445
            ],
            [
              127.34931066754844,
              38.12147357344519
            ],
            [
              127.34757183014811,
              38.11190800006639
            ],
            [
              127.36021731059542,
              38.11012672998184
            ],
            [
              127.35847847319506,
              38.10055967043086
            ],
            [
              127.37112395364238,
              38.09877812363109
            ],
            [
              127.36764627884169,
              38.079639779825364
            ],
            [
              127.38029175928901,
              38.077857723102674
            ],
            [
              127.37681408448832,
              38.058713902704156
            ],
            [
              127.3894595649356,
              38.0569313361503
            ],
            [
              127.38598189013494,
              38.037782040146205
            ],
            [
              127.39862737058226,
              38.035998963853245
            ],
            [
              127.39688853318191,
              38.026422204528565
            ],
            [
              127.40953401362921,
              38.024638851697034
            ],
            [
              127.40605633882852,
              38.00548111104503
            ],
            [
              127.41870181927584,
              38.003697248616994
            ],
            [
              127.41696298187549,
              37.99411626755969
            ],
            [
              127.42960846232279,
              37.99233212867066
            ],
            [
              127.41917543792073,
              37.93481856403979
            ],
            [
              127.40652995747345,
              37.93660410089216
            ],
            [
              127.40479112007309,
              37.927014360706266
            ],
            [
              127.39214563962578,
              37.92880008711425
            ],
            [
              127.38866796482512,
              37.90961731999676
            ],
            [
              127.3760224843778,
              37.911403468840724
            ],
            [
              127.37254480957712,
              37.892216164683866
            ],
            [
              127.3598993291298,
              37.89400273589898
            ],
            [
              127.35468281692879,
              37.86521309963681
            ],
            [
              127.34203733648147,
              37.867000325960035
            ],
            [
              127.3385596616808,
              37.84780144948363
            ],
            [
              127.3259141812335,
              37.84958909801187
            ],
            [
              127.32069766903246,
              37.82078210669121
            ],
            [
              127.30805218858517,
              37.822570410068955
            ],
            [
              127.29935800158346,
              37.77453492843628
            ],
            [
              127.31200348203075,
              37.772745461808995
            ],
            [
              127.30852580723005,
              37.753522058928276
            ],
            [
              127.29588032678276,
              37.755311990714816
            ],
            [
              127.2854473023807,
              37.69761320570994
            ],
            [
              127.29809278282802,
              37.69582187893065
            ],
            [
              127.29461510802733,
              37.67657849804744
            ],
            [
              127.30726058847462,
              37.674786663160454
            ],
            [
              127.3055217510743,
              37.66516286816141
            ],
            [
              127.3181672315216,
              37.66337075762317
            ],
            [
              127.31642839412125,
              37.65374548231558
            ],
            [
              127.32907387456856,
              37.651953096154884
            ],
            [
              127.32733503716821,
              37.642326340693316
            ],
            [
              127.33998051761552,
              37.64053367893897
            ],
            [
              127.33824168021519,
              37.63090544347827
            ],
            [
              127.3508871606625,
              37.629112506159125
            ],
            [
              127.34914832326214,
              37.619482790854384
            ],
            [
              127.38708476460405,
              37.61410302254236
            ],
            [
              127.3888236020044,
              37.62373343468208
            ],
            [
              127.4014690824517,
              37.621940324352245
            ],
            [
              127.40320791985206,
              37.631569721307336
            ],
            [
              127.44114436119398,
              37.626190827666065
            ],
            [
              127.4428831985943,
              37.63581967396787
            ],
            [
              127.45552867904162,
              37.63402685521114
            ],
            [
              127.45726751644197,
              37.64365468621562
            ],
            [
              127.46991299688926,
              37.64186205651639
            ],
            [
              127.47165183428962,
              37.65148887215058
            ],
            [
              127.4842973147369,
              37.64969643152241
            ],
            [
              127.48603615213726,
              37.659322231713425
            ],
            [
              127.51132711303187,
              37.65573768536134
            ],
            [
              127.50958827563153,
              37.64611142048104
            ],
            [
              127.52223375607885,
              37.64431885006928
            ],
            [
              127.51875608127813,
              37.62506211260636
            ],
            [
              127.53140156172545,
              37.62326903432616
            ],
            [
              127.52966272432512,
              37.6136385620294
            ],
            [
              127.55495368521971,
              37.61005181117993
            ],
            [
              127.55669252262004,
              37.61968274801221
            ],
            [
              127.58198348351468,
              37.61609628869829
            ],
            [
              127.58024464611431,
              37.60646488734584
            ],
            [
              127.59289012656163,
              37.60467136056133
            ],
            [
              127.5911512891613,
              37.59503847969754
            ],
            [
              127.60379676960859,
              37.593244677439145
            ],
            [
              127.60205793220825,
              37.58361031721993
            ],
            [
              127.61470341265557,
              37.581816239516684
            ],
            [
              127.6129645752552,
              37.57218040009822
            ],
            [
              127.62561005570252,
              37.57038604697924
            ],
            [
              127.6203935435015,
              37.54147035145503
            ],
            [
              127.6330390239488,
              37.539675258699205
            ],
            [
              127.62956134914813,
              37.5203914313597
            ],
            [
              127.61691586870081,
              37.52218698828252
            ],
            [
              127.60822168169912,
              37.473956772002914
            ],
            [
              127.62086716214642,
              37.472160055028255
            ],
            [
              127.61391181254503,
              37.433552530323844
            ],
            [
              127.62655729299235,
              37.43175484251076
            ],
            [
              127.62307961819168,
              37.412443144402346
            ],
            [
              127.63572509863897,
              37.410644949725686
            ],
            [
              127.63224742383828,
              37.39132780793626
            ],
            [
              127.6448929042856,
              37.389529106497335
            ],
            [
              127.64315406688526,
              37.37986843662425
            ],
            [
              127.65579954733255,
              37.378069460265834
            ],
            [
              127.65232187253186,
              37.35874392326995
            ],
            [
              127.66496735297918,
              37.35694444030615
            ],
            [
              127.66148967817848,
              37.337613462406765
            ],
            [
              127.6741351586258,
              37.33581347293969
            ],
            [
              127.67239632122545,
              37.32614588608551
            ],
            [
              127.68504180167275,
              37.32434562183979
            ],
            [
              127.68330296427243,
              37.31467655936705
            ],
            [
              127.72123940561434,
              37.30927481300882
            ],
            [
              127.719500568214,
              37.29960381189836
            ],
            [
              127.73214604866129,
              37.29780291194525
            ],
            [
              127.73040721126097,
              37.28813043559216
            ],
            [
              127.75569817215556,
              37.28452804321467
            ],
            [
              127.75395933475524,
              37.274853860248264
            ],
            [
              127.77925029564983,
              37.271250832360806
            ],
            [
              127.77751145824948,
              37.26157494299953
            ],
            [
              127.7901569386968,
              37.25977313289322
            ],
            [
              127.78841810129646,
              37.25009576883013
            ],
            [
              127.80106358174375,
              37.248293684146205
            ],
            [
              127.79584706954273,
              37.21925343961762
            ],
            [
              127.80849254999005,
              37.21745061755484
            ],
            [
              127.80675371258971,
              37.20776781907894
            ],
            [
              127.819399193037,
              37.20596472255126
            ],
            [
              127.81070500603529,
              37.15753093732813
            ],
            [
              127.82335048648258,
              37.155726641171924
            ],
            [
              127.82161164908227,
              37.14603592651698
            ],
            [
              127.83425712952956,
              37.14423135606137
            ],
            [
              127.83251829212921,
              37.13453916836363
            ],
            [
              127.84516377257653,
              37.132734323639546
            ],
            [
              127.84342493517619,
              37.123040663065424
            ],
            [
              127.85607041562348,
              37.12123554410389
            ],
            [
              127.85433157822315,
              37.111540410820034
            ],
            [
              127.86697705867046,
              37.10973501765209
            ],
            [
              127.8652382212701,
              37.10003841182543
            ],
            [
              127.87788370171742,
              37.0982327444822
            ],
            [
              127.87614486431706,
              37.088534666279905
            ],
            [
              127.98995418834284,
              37.072279643859275
            ],
            [
              127.98473767614179,
              37.04317172470961
            ],
            [
              127.9973831565891,
              37.04136470289404
            ],
            [
              127.99216664438808,
              37.0122449257969
            ],
            [
              128.00481212483538,
              37.01043716810234
            ],
            [
              127.99090142563264,
              36.932728023423785
            ],
            [
              128.00354690607995,
              36.93091837610536
            ],
            [
              127.99659155647858,
              36.892033136551646
            ],
            [
              128.0092370369259,
              36.89022252351618
            ],
            [
              128.00402052472487,
              36.86104489546035
            ],
            [
              128.02931148561947,
              36.85742215693868
            ],
            [
              128.0310503230198,
              36.867149732569274
            ],
            [
              128.05634128391443,
              36.863527283463554
            ],
            [
              128.05808012131476,
              36.87325408191539
            ],
            [
              128.0707256017621,
              36.871443023548316
            ],
            [
              128.07246443916242,
              36.88116881416702
            ],
            [
              128.08510991960972,
              36.87935794346835
            ],
            [
              128.08684875701005,
              36.8890827261728
            ],
            [
              128.09949423745738,
              36.88727204315762
            ],
            [
              128.10123307485773,
              36.89699581786674
            ],
            [
              128.113878555305,
              36.89518532255014
            ],
            [
              128.11561739270536,
              36.90490808918295
            ],
            [
              128.17884479494188,
              36.895856121661645
            ],
            [
              128.17710595754156,
              36.88613220176289
            ],
            [
              128.18975143798883,
              36.884321448770095
            ],
            [
              128.18453492578783,
              36.855141566145676
            ],
            [
              128.1718894453405,
              36.85695301092304
            ],
            [
              128.17015060794017,
              36.84722413733726
            ],
            [
              128.15750512749287,
              36.849035769736716
            ],
            [
              128.15576629009254,
              36.83930588856661
            ],
            [
              128.1431208096452,
              36.841117708573
            ],
            [
              128.13964313484453,
              36.82165469331265
            ],
            [
              128.15228861529184,
              36.81984241230553
            ],
            [
              128.1540274526922,
              36.8295747693818
            ],
            [
              128.25519129627062,
              36.81507682020797
            ],
            [
              128.25345245887027,
              36.80534261937465
            ],
            [
              128.26609793931758,
              36.80352995216103
            ],
            [
              128.26262026451693,
              36.78405737703447
            ],
            [
              128.2752657449642,
              36.78224420609001
            ],
            [
              128.27178807016352,
              36.76276622098004
            ],
            [
              128.28443355061083,
              36.76095254641514
            ],
            [
              128.27921703840983,
              36.731725600339786
            ],
            [
              128.2918625188571,
              36.72991119198963
            ],
            [
              128.28838484405642,
              36.710419917360774
            ],
            [
              128.30103032450373,
              36.70860500566279
            ],
            [
              128.2992914871034,
              36.69885728352768
            ],
            [
              128.324582447998,
              36.69522687114558
            ],
            [
              128.3228436105977,
              36.68547745244509
            ],
            [
              128.43665293462342,
              36.66913640393104
            ],
            [
              128.43839177202375,
              36.67888789395887
            ],
            [
              128.45103725247105,
              36.677072237775825
            ],
            [
              128.4527760898714,
              36.68682272198747
            ],
            [
              128.49071253121332,
              36.681376186752516
            ],
            [
              128.49245136861367,
              36.691126125387925
            ],
            [
              128.51774232950828,
              36.68749534793424
            ],
            [
              128.5194811669086,
              36.697244510799194
            ],
            [
              128.53212664735594,
              36.69542928795715
            ],
            [
              128.53386548475626,
              36.70517744481345
            ],
            [
              128.54651096520357,
              36.70336240930025
            ],
            [
              128.54824980260392,
              36.71310956006485
            ],
            [
              128.56089528305122,
              36.71129471189597
            ],
            [
              128.56263412045155,
              36.72104085648591
            ],
            [
              128.57527960089885,
              36.71922619567678
            ],
            [
              128.57701843829923,
              36.72897133400917
            ],
            [
              128.6023093991938,
              36.72534234426722
            ],
            [
              128.60404823659414,
              36.73508670652389
            ],
            [
              128.61669371704147,
              36.73327237760296
            ],
            [
              128.61843255444182,
              36.743015733455515
            ],
            [
              128.68165995667835,
              36.73394459706839
            ],
            [
              128.679921119278,
              36.72420008986306
            ],
            [
              128.7052120801726,
              36.72057087465239
            ],
            [
              128.70347324277228,
              36.71082467043474
            ],
            [
              128.71611872321955,
              36.70900976829673
            ],
            [
              128.71437988581923,
              36.69926209750041
            ],
            [
              128.72702536626653,
              36.69744692229849
            ],
            [
              128.72528652886618,
              36.68769778509986
            ],
            [
              128.75057748976081,
              36.68406684577832
            ],
            [
              128.75231632716114,
              36.69381644331306
            ],
            [
              128.79025276850305,
              36.68837040339303
            ],
            [
              128.79199160590338,
              36.69811945531177
            ],
            [
              128.8046370863507,
              36.69630425312902
            ],
            [
              128.80637592375103,
              36.70605229902994
            ],
            [
              128.83166688464567,
              36.70242222646172
            ],
            [
              128.83340572204602,
              36.712169496471645
            ],
            [
              128.8460512024933,
              36.710354626098095
            ],
            [
              128.84779003989362,
              36.72010088994317
            ],
            [
              128.86043552034096,
              36.71828620692754
            ],
            [
              128.8621743577413,
              36.728031464524896
            ],
            [
              128.8748198381886,
              36.72621696888261
            ],
            [
              128.8765586755889,
              36.735961220149434
            ],
            [
              128.88920415603624,
              36.73414691189592
            ],
            [
              128.8909429934366,
              36.7438901567495
            ],
            [
              128.9035884738839,
              36.74207603590013
            ],
            [
              128.90532731128422,
              36.75181827425785
            ],
            [
              128.93061827217883,
              36.74819036451398
            ],
            [
              128.9323571095792,
              36.75793182661235
            ],
            [
              128.94500259002652,
              36.7561180377297
            ],
            [
              128.94674142742684,
              36.76585849318606
            ],
            [
              128.97203238832145,
              36.76223124742381
            ],
            [
              128.9737712257218,
              36.771970926508224
            ],
            [
              129.01170766706372,
              36.76653042722639
            ],
            [
              129.01344650446404,
              36.77626956025257
            ],
            [
              129.0766739067006,
              36.76720235537891
            ],
            [
              129.07841274410092,
              36.7769414030555
            ],
            [
              129.09105822454822,
              36.77512806376213
            ],
            [
              129.08931938714787,
              36.76538878572556
            ],
            [
              129.10196486759517,
              36.763575173181216
            ],
            [
              129.10022603019485,
              36.75383442773696
            ],
            [
              129.11287151064215,
              36.75202054197423
            ],
            [
              129.12551699108946,
              36.750206613326434
            ],
            [
              129.13421117809116,
              36.79890027250827
            ],
            [
              129.14685665853847,
              36.797087452805386
            ],
            [
              129.1485954959388,
              36.8068227030664
            ],
            [
              129.16124097638613,
              36.805010070889345
            ],
            [
              129.16297981378648,
              36.81474431400138
            ],
            [
              129.17562529423375,
              36.81293186936541
            ],
            [
              129.1773641316341,
              36.82266510524659
            ],
            [
              129.1900096120814,
              36.820852848166915
            ],
            [
              129.19174844948176,
              36.830585076735495
            ],
            [
              129.20439392992907,
              36.82877300722736
            ],
            [
              129.21134927953042,
              36.86769046340503
            ],
            [
              129.19870379908312,
              36.86950161073591
            ],
            [
              129.20392031128415,
              36.89867600850801
            ],
            [
              129.19127483083685,
              36.90048642101648
            ],
            [
              129.1930136682372,
              36.9102085122362
            ],
            [
              129.1803681877899,
              36.91201865111607
            ],
            [
              129.18210702519022,
              36.92173927272666
            ],
            [
              129.16946154474292,
              36.92354913794596
            ],
            [
              129.17120038214327,
              36.933268289775945
            ],
            [
              129.14590942124866,
              36.93688742986426
            ],
            [
              129.14764825864899,
              36.94660488098343
            ],
            [
              129.08442085641246,
              36.95565082542509
            ],
            [
              129.0809431816118,
              36.93621699154737
            ],
            [
              129.05565222071718,
              36.93983599160978
            ],
            [
              129.0573910581175,
              36.94955306669889
            ],
            [
              129.0447455776702,
              36.951362271509325
            ],
            [
              129.04648441507055,
              36.96107787640518
            ],
            [
              129.03383893462325,
              36.96288680744635
            ],
            [
              129.0355777720236,
              36.97260094197836
            ],
            [
              129.0229322915763,
              36.97440959921855
            ],
            [
              129.02119345417594,
              36.964695695510144
            ],
            [
              129.0085479737286,
              36.96650454059576
            ],
            [
              129.01028681112896,
              36.976218213476365
            ],
            [
              128.99764133068166,
              36.97802678475105
            ],
            [
              129.00111900548234,
              36.99744994946072
            ],
            [
              128.98847352503503,
              36.99925801601162
            ],
            [
              128.9902123624354,
              37.00896750752762
            ],
            [
              128.92698496019887,
              37.018006040789714
            ],
            [
              128.9252461227985,
              37.008297703854346
            ],
            [
              128.9126006423512,
              37.010105512435096
            ],
            [
              128.90738413015018,
              36.9809737539726
            ],
            [
              128.9200296105975,
              36.979165252740515
            ],
            [
              128.9165519357968,
              36.95973741961477
            ],
            [
              128.9039064553495,
              36.961546382501965
            ],
            [
              128.90216761794915,
              36.95183083738066
            ],
            [
              128.88952213750187,
              36.95363998808897
            ],
            [
              128.88778330010152,
              36.94392343431395
            ],
            [
              128.8751378196542,
              36.94573277282843
            ],
            [
              128.87339898225386,
              36.93601521048005
            ],
            [
              128.86075350180656,
              36.9378247367857
            ],
            [
              128.8590146644062,
              36.92810616594442
            ],
            [
              128.8210782230643,
              36.93353517929985
            ],
            [
              128.81933938566394,
              36.92381606149904
            ],
            [
              128.73082102253284,
              36.93648387074562
            ],
            [
              128.72908218513248,
              36.92676512892527
            ],
            [
              128.66585478289596,
              36.93581342887848
            ],
            [
              128.6675936202963,
              36.945531016958604
            ],
            [
              128.62965717895437,
              36.95095878905407
            ],
            [
              128.63139601635473,
              36.96067444542131
            ],
            [
              128.60610505546012,
              36.964292283695755
            ],
            [
              128.60784389286044,
              36.97400623888247
            ],
            [
              128.58255293196584,
              36.977623443587
            ],
            [
              128.5842917693662,
              36.98733569736523
            ],
            [
              128.57164628891888,
              36.98914400438451
            ],
            [
              128.57338512631924,
              36.99885478741112
            ],
            [
              128.56073964587193,
              37.00066282055727
            ],
            [
              128.56421732067258,
              37.020080204610515
            ],
            [
              128.5515718402253,
              37.02188773291851
            ],
            [
              128.55331067762563,
              37.03159433363304
            ],
            [
              128.56595615807294,
              37.029787036280844
            ],
            [
              128.571172670274,
              37.058900088425794
            ],
            [
              128.55852718982666,
              37.0607066927766
            ],
            [
              128.560266027227,
              37.070408331091876
            ],
            [
              128.5476205467797,
              37.072214661374076
            ],
            [
              128.54935938418004,
              37.08191482771913
            ],
            [
              128.53671390373273,
              37.083720883901464
            ],
            [
              128.53845274113309,
              37.09341957810846
            ],
            [
              128.50051629979114,
              37.098836795159
            ],
            [
              128.5022551371915,
              37.10853355480005
            ],
            [
              128.4896096567442,
              37.110338976610194
            ],
            [
              128.49308733154487,
              37.129728309333906
            ],
            [
              128.48044185109757,
              37.13153322575624
            ],
            [
              128.48391952589824,
              37.15091712954013
            ],
            [
              128.47127404545097,
              37.15272154046929
            ],
            [
              128.4730128828513,
              37.16241139833856
            ],
            [
              128.44772192195668,
              37.166019628498695
            ],
            [
              128.44946075935704,
              37.17570778177762
            ],
            [
              128.4241697984624,
              37.17931537709918
            ],
            [
              128.42590863586275,
              37.18900182556601
            ],
            [
              128.28680835094238,
              37.208837975453015
            ],
            [
              128.28506951354206,
              37.19915407171978
            ],
            [
              128.25977855264745,
              37.20276054712008
            ],
            [
              128.2615173900478,
              37.21244398812159
            ],
            [
              128.22358094870586,
              37.21785268399529
            ],
            [
              128.2253197861062,
              37.22753418817204
            ],
            [
              128.2126743056589,
              37.2293367692199
            ],
            [
              128.22310733006094,
              37.287398302221696
            ],
            [
              128.21046184961364,
              37.28919945126347
            ],
            [
              128.212200687014,
              37.29887179017929
            ],
            [
              128.19955520656669,
              37.300672664539846
            ],
            [
              128.20129404396704,
              37.310343528197876
            ],
            [
              128.18864856351973,
              37.3121441278469
            ],
            [
              128.19038740092006,
              37.321813516084525
            ],
            [
              128.20303288136736,
              37.320013148048126
            ],
            [
              128.20998823096875,
              37.358679187065526
            ],
            [
              128.23527919186336,
              37.35508017489006
            ],
            [
              128.23875686666403,
              37.37440665545652
            ],
            [
              128.25140234711134,
              37.372607548090905
            ],
            [
              128.25661885931237,
              37.40158862969714
            ],
            [
              128.26926433975967,
              37.39979017448461
            ],
            [
              128.28143620156206,
              37.4673707448545
            ],
            [
              128.2940816820094,
              37.46557386956896
            ],
            [
              128.30103703161072,
              37.50416486417376
            ],
            [
              128.31368251205805,
              37.50236887362691
            ],
            [
              128.31889902425905,
              37.53129973215374
            ],
            [
              128.3315445047064,
              37.529504394557094
            ],
            [
              128.33676101690742,
              37.558424731740445
            ],
            [
              128.34940649735472,
              37.55663004725901
            ],
            [
              128.3528841721554,
              37.575904502938656
            ],
            [
              128.3655296526027,
              37.57411023954796
            ],
            [
              128.3690073274034,
              37.59338017192341
            ],
            [
              128.38165280785068,
              37.591586329691566
            ],
            [
              128.38339164525104,
              37.60121965747047
            ],
            [
              128.3960371256983,
              37.59942600422232
            ],
            [
              128.40647015010038,
              37.65720116923015
            ],
            [
              128.39382466965307,
              37.658993428711135
            ],
            [
              128.40425769405513,
              37.716722276316425
            ],
            [
              128.39161221360783,
              37.71851309800546
            ],
            [
              128.39682872580886,
              37.74735997051603
            ],
            [
              128.38418324536156,
              37.74915005136736
            ],
            [
              128.3859220827619,
              37.758762945362065
            ],
            [
              128.3732766023146,
              37.76055275035196
            ],
            [
              128.37675427711525,
              37.779774326021084
            ],
            [
              128.36410879666798,
              37.78156362251679
            ],
            [
              128.36932530886898,
              37.810385918468285
            ],
            [
              128.35667982842168,
              37.81217447370546
            ],
            [
              128.35841866582203,
              37.82177917396513
            ],
            [
              128.34577318537472,
              37.82356745318471
            ],
            [
              128.35446737237643,
              37.87157104282944
            ],
            [
              128.3418218919291,
              37.87335811494144
            ],
            [
              128.3487772415305,
              37.91173755104412
            ],
            [
              128.3361317610832,
              37.91352364841331
            ],
            [
              128.35525897248698,
              38.01896133047654
            ],
            [
              128.34261349203965,
              38.02074482148937
            ],
            [
              128.349568841641,
              38.05904731485832
            ],
            [
              128.3622143220883,
              38.057264756425745
            ],
            [
              128.37090850909001,
              38.10511586125391
            ],
            [
              128.3582630286427,
              38.10689725352803
            ],
            [
              128.36000186604306,
              38.11646348315823
            ],
            [
              128.34735638559576,
              38.11824459870209
            ],
            [
              128.3490952229961,
              38.12780934207953
            ],
            [
              128.3111587816542,
              38.13315172810133
            ],
            [
              128.31289761905452,
              38.14271451840248
            ],
            [
              128.30025213860725,
              38.14449499350437
            ],
            [
              128.30199097600757,
              38.15405629721975
            ],
            [
              128.26405453466566,
              38.15939676170061
            ],
            [
              128.26579337206599,
              38.16895611190305
            ],
            [
              128.18992048938216,
              38.17963446707271
            ],
            [
              128.1916593267825,
              38.18919116322466
            ],
            [
              128.1790138463352,
              38.190970503527346
            ],
            [
              128.18075268373553,
              38.200525712507
            ],
            [
              128.15546172284093,
              38.20408379578326
            ],
            [
              128.15720056024125,
              38.21363728396628
            ],
            [
              128.14455507979395,
              38.2154160269092
            ],
            [
              128.1462939171943,
              38.22496802761298
            ],
            [
              128.133648436747,
              38.22674649357064
            ],
            [
              128.13538727414735,
              38.236297006653274
            ],
            [
              128.12274179370004,
              38.238075195599265
            ],
            [
              128.12448063110037,
              38.24762422091913
            ],
            [
              128.11183515065306,
              38.24940213282711
            ],
            [
              128.11531282545377,
              38.26849595320619
            ],
            [
              128.10266734500647,
              38.270273354456876
            ],
            [
              128.1044061824068,
              38.27981814925617
            ],
            [
              128.0917607019595,
              38.281595273394196
            ],
            [
              128.0952383767602,
              38.30068063159383
            ],
            [
              128.08259289631286,
              38.30245724493733
            ],
            [
              128.08607057111357,
              38.32153711621376
            ],
            [
              128.07342509066623,
              38.32331321867415
            ],
            [
              128.07690276546694,
              38.34238760207743
            ],
            [
              128.0642572850196,
              38.34416319356641
            ],
            [
              128.06599612242,
              38.35369826857816
            ],
            [
              128.05335064197266,
              38.35547358278446
            ],
            [
              128.05682831677336,
              38.374539498817015
            ],
            [
              128.04418283632603,
              38.37631430191629
            ],
            [
              128.04766051112674,
              38.39537472767464
            ],
            [
              128.0350150306794,
              38.39714901957935
            ],
            [
              128.0384927054801,
              38.41620395412481
            ],
            [
              128.0511381859274,
              38.41443012995185
            ],
            [
              128.05983237292912,
              38.4620466527812
            ],
            [
              128.0471868924818,
              38.46381930730681
            ],
            [
              128.05066456728252,
              38.482856653262864
            ],
            [
              128.0380190868352,
              38.484628796229295
            ],
            [
              128.04323559903622,
              38.51317468706437
            ],
            [
              128.05588107948353,
              38.51140324622119
            ],
            [
              128.05935875428423,
              38.530428023084575
            ],
            [
              128.0467132738369,
              38.53219899575598
            ],
            [
              128.05192978603793,
              38.560726029075305
            ],
            [
              128.03928430559063,
              38.562496255754304
            ],
            [
              128.04102314299098,
              38.57200251771716
            ],
            [
              128.02837766254365,
              38.573772466621946
            ],
            [
              128.03185533734435,
              38.59278074906231
            ],
            [
              128.01920985689702,
              38.59455018595652
            ],
            [
              128.02094869429737,
              38.60405220618753
            ],
            [
              128.00830321385007,
              38.605821365236736
            ],
            [
              128.0100420512504,
              38.61532189323354
            ],
            [
              127.99739657080312,
              38.6170907744129
            ],
            [
              127.99913540820344,
              38.62658981004236
            ],
            [
              127.9106170450723,
              38.63896911690346
            ],
            [
              127.91235588247264,
              38.6484652542137
            ],
            [
              127.88706492157803,
              38.65200133775603
            ],
            [
              127.8888037589784,
              38.66149574797334
            ],
            [
              127.86351279808376,
              38.6650311883054
            ],
            [
              127.86525163548413,
              38.67452387125293
            ],
            [
              127.85260615503681,
              38.67629129160131
            ],
            [
              127.85434499243716,
              38.68578248148585
            ],
            [
              127.84169951198986,
              38.68754962381021
            ],
            [
              127.84343834939018,
              38.697039320500195
            ],
            [
              127.8307928689429,
              38.69880618477607
            ],
            [
              127.8394870559446,
              38.746234610515664
            ],
            [
              127.82684157549728,
              38.748000258847796
            ],
            [
              127.82858041289762,
              38.757481931696766
            ],
            [
              127.81593493245033,
              38.75924730184971
            ],
            [
              127.81767376985066,
              38.768727480671615
            ],
            [
              127.80502828940335,
              38.770492572621215
            ],
            [
              127.81198363900475,
              38.80839975262816
            ],
            [
              127.79933815855743,
              38.81016386258347
            ],
            [
              127.80107699595777,
              38.81963727321744
            ],
            [
              127.78843151551048,
              38.82140110486047
            ],
            [
              127.79886453991251,
              38.878213695306215
            ],
            [
              127.80060337731285,
              38.88767804859925
            ],
            [
              127.78795789686556,
              38.88944019367253
            ],
            [
              127.78969673426589,
              38.898903051450766
            ],
            [
              127.7770512538186,
              38.90066491804395
            ],
            [
              127.77879009121894,
              38.91012628018055
            ],
            [
              127.76614461077162,
              38.911887868270036
            ],
            [
              127.77136112297264,
              38.940263684074345
            ],
            [
              127.75871564252535,
              38.94202452397172
            ],
            [
              127.76219331732604,
              38.96093495867824
            ],
            [
              127.74954783687872,
              38.9626952851082
            ],
            [
              127.75476434907976,
              38.99105077138039
            ],
            [
              127.74211886863246,
              38.992810349333844
            ],
            [
              127.74385770603278,
              39.00225941980779
            ],
            [
              127.71856674513819,
              39.00577797457327
            ],
            [
              127.72030558253851,
              39.01522531327967
            ],
            [
              127.70766010209121,
              39.0169842900649
            ],
            [
              127.70939893949156,
              39.02643013182896
            ],
            [
              127.69675345904425,
              39.02818882986853
            ],
            [
              127.6984922964446,
              39.03763317456627
            ],
            [
              127.6858468159973,
              39.039391593837124
            ],
            [
              127.69106332819831,
              39.06771634947184
            ],
            [
              127.67841784775102,
              39.06947401984134
            ],
            [
              127.68015668515135,
              39.07891284520639
            ],
            [
              127.66751120470404,
              39.08067023672254
            ],
            [
              127.68489957870747,
              39.17498668432816
            ],
            [
              127.69754505915479,
              39.173231644523156
            ],
            [
              127.69928389655509,
              39.182656577119026
            ],
            [
              127.7119293770024,
              39.18090172876635
            ],
            [
              127.73453426320687,
              39.303313903179394
            ],
            [
              127.72188878275955,
              39.305065691758706
            ],
            [
              127.72536645756024,
              39.32387889892991
            ],
            [
              127.6494935748764,
              39.33438588369899
            ],
            [
              127.64775473747608,
              39.32498132546931
            ],
            [
              127.63510925702876,
              39.32673257162372
            ],
            [
              127.6333704196284,
              39.31732698411852
            ],
            [
              127.5954339782865,
              39.32258116597773
            ],
            [
              127.59369514088617,
              39.3131750202302
            ],
            [
              127.55575869954424,
              39.31842951392287
            ],
            [
              127.55228102474356,
              39.29961484134447
            ],
            [
              127.52699006384894,
              39.3031185598145
            ],
            [
              127.5252512264486,
              39.29370979757569
            ],
            [
              127.51260574600131,
              39.295461826505225
            ],
            [
              127.51086690860096,
              39.28605203521701
            ],
            [
              127.49822142815364,
              39.287804255752725
            ],
            [
              127.49648259075332,
              39.27839343547064
            ],
            [
              127.47119162985871,
              39.28189821589629
            ],
            [
              127.46945279245836,
              39.27248660209894
            ],
            [
              127.43151635111644,
              39.27774415023722
            ],
            [
              127.42977751371612,
              39.26833197837376
            ],
            [
              127.39184107237418,
              39.27358983824704
            ],
            [
              127.39010223497384,
              39.26417710833387
            ],
            [
              127.37745675452653,
              39.265929876033496
            ],
            [
              127.3757179171262,
              39.25651611728556
            ],
            [
              127.36307243667889,
              39.25826907655138
            ],
            [
              127.36133359927855,
              39.24885428902453
            ],
            [
              127.33604263838396,
              39.25236054683944
            ],
            [
              127.3343038009836,
              39.242944965963304
            ],
            [
              127.32165832053629,
              39.24469826450436
            ],
            [
              127.31991948313595,
              39.235281654948444
            ],
            [
              127.30727400268864,
              39.237035145026816
            ],
            [
              127.3055351652883,
              39.22761750684722
            ],
            [
              127.28024420439368,
              39.23112482623599
            ],
            [
              127.27850536699336,
              39.22170639482697
            ],
            [
              127.25321440609875,
              39.22521400961179
            ],
            [
              127.2514755686984,
              39.21579478500678
            ],
            [
              127.22618460780377,
              39.21930269517521
            ],
            [
              127.22444577040343,
              39.20988267740767
            ],
            [
              127.18650932906152,
              39.215144919992234
            ],
            [
              127.18477049166117,
              39.20572434440692
            ],
            [
              127.15947953076657,
              39.20923275767598
            ]
          ]
        ]
      },
      "properties": {
        "name": "朔州",
        "native_name": "삭주",
        "year": 757,
        "source_map_label": "朔州",
        "source_label_pixel": [
          470,
          375
        ],
        "map_year": 757,
        "date_precision": "reference_year",
        "boundary_basis": "digitized_published_map"
      }
    },
    {
      "type": "Feature",
      "id": "silla-3",
      "geometry": {
        "type": "Polygon",
        "coordinates": [
          [
            [
              129.11287151064215,
              36.75202054197423
            ],
            [
              129.1111326732418,
              36.7422783292974
            ],
            [
              129.12377815368913,
              36.74046417034892
            ],
            [
              129.12030047888842,
              36.72097557424911
            ],
            [
              129.09500951799384,
              36.72460477033728
            ],
            [
              129.09153184319314,
              36.70511214909643
            ],
            [
              129.07888636274583,
              36.70692714328745
            ],
            [
              129.07714752534548,
              36.69717920834291
            ],
            [
              129.06450204489818,
              36.698994389866186
            ],
            [
              129.06276320749782,
              36.68924544889466
            ],
            [
              129.05011772705055,
              36.69106081773472
            ],
            [
              129.0449012148495,
              36.661807269124765
            ],
            [
              129.0322557344022,
              36.663623285514454
            ],
            [
              129.02703922220118,
              36.6343593053987
            ],
            [
              129.0396847026485,
              36.63254259881262
            ],
            [
              129.03794586524813,
              36.62278523780807
            ],
            [
              129.05059134569544,
              36.62096825837625
            ],
            [
              129.0471136708948,
              36.60144937081846
            ],
            [
              129.05975915134206,
              36.599631888611675
            ],
            [
              129.0562814765414,
              36.580107601351784
            ],
            [
              129.0689269569887,
              36.57828961648311
            ],
            [
              129.065449282188,
              36.55875993073704
            ],
            [
              129.05280380174068,
              36.56057837535584
            ],
            [
              129.04758728953968,
              36.53127527846416
            ],
            [
              129.03494180909235,
              36.533094369743786
            ],
            [
              129.02103110988963,
              36.45490032697652
            ],
            [
              129.0336765903369,
              36.45307939818873
            ],
            [
              129.03019891553623,
              36.433518095389374
            ],
            [
              129.04284439598354,
              36.43169666472372
            ],
            [
              129.03762788378253,
              36.40234477667213
            ],
            [
              129.05027336422984,
              36.40052261476941
            ],
            [
              129.04853452682949,
              36.39073595777881
            ],
            [
              129.0611800072768,
              36.38891352370416
            ],
            [
              129.031619771471,
              36.22234804046208
            ],
            [
              129.01897429102368,
              36.224174371375334
            ],
            [
              129.00158591702026,
              36.12603088337027
            ],
            [
              128.98894043657296,
              36.1278594606052
            ],
            [
              128.98546276177228,
              36.10821647292698
            ],
            [
              128.99810824221956,
              36.10638743819916
            ],
            [
              128.99636940481923,
              36.096563873042236
            ],
            [
              129.00901488526654,
              36.094734567022385
            ],
            [
              129.00727604786618,
              36.084909544985905
            ],
            [
              129.0199215283135,
              36.08307996770947
            ],
            [
              129.01818269091314,
              36.07325348898397
            ],
            [
              129.04347365180777,
              36.06959374941763
            ],
            [
              129.04521248920813,
              36.079420685426875
            ],
            [
              129.08314893055,
              36.073931442691794
            ],
            [
              129.08141009314969,
              36.06410382079221
            ],
            [
              129.10670105404432,
              36.06044365553488
            ],
            [
              129.10496221664394,
              36.050614348696286
            ],
            [
              129.11760769709127,
              36.048783973632155
            ],
            [
              129.1193465344916,
              36.05861350905674
            ],
            [
              129.1319920149389,
              36.056783320013444
            ],
            [
              129.13720852713993,
              36.086265245577415
            ],
            [
              129.14985400758724,
              36.08443569985127
            ],
            [
              129.15333168238791,
              36.104084634206515
            ],
            [
              129.16597716283522,
              36.10225550327392
            ],
            [
              129.1694548376359,
              36.12189998188419
            ],
            [
              129.18210031808323,
              36.120071265827946
            ],
            [
              129.18383915548358,
              36.12989189114578
            ],
            [
              129.19648463593086,
              36.12806336125923
            ],
            [
              129.19996231073154,
              36.14770138338745
            ],
            [
              129.21260779117887,
              36.145873268496906
            ],
            [
              129.21434662857922,
              36.155690665108615
            ],
            [
              129.2269921090265,
              36.15386273644134
            ],
            [
              129.22873094642682,
              36.16367913289585
            ],
            [
              129.24137642687415,
              36.161851390468435
            ],
            [
              129.24485410167483,
              36.181480953654535
            ],
            [
              129.25749958212214,
              36.17965362637924
            ],
            [
              129.2592384195225,
              36.18946679291297
            ],
            [
              129.2718838999698,
              36.18763965193089
            ],
            [
              129.27362273737012,
              36.197451817931984
            ],
            [
              129.29891369826473,
              36.19379786595693
            ],
            [
              129.30065253566508,
              36.2036092602934
            ],
            [
              129.32594349655972,
              36.199955595699585
            ],
            [
              129.32768233396004,
              36.209766218318805
            ],
            [
              129.35297329485465,
              36.206112841125844
            ],
            [
              129.354712132255,
              36.21592269197523
            ],
            [
              129.36735761270228,
              36.214096168408474
            ],
            [
              129.36909645010263,
              36.22390501843216
            ],
            [
              129.39438741099724,
              36.22025230138437
            ],
            [
              129.3961262483976,
              36.23006037951759
            ],
            [
              129.4087717288449,
              36.22823418604922
            ],
            [
              129.41051056624525,
              36.23804126320045
            ],
            [
              129.42315604669255,
              36.23621525612543
            ],
            [
              129.42489488409288,
              36.24602133220658
            ],
            [
              129.4375403645402,
              36.2441955115413
            ],
            [
              129.43927920194054,
              36.254000586464336
            ],
            [
              129.45192468238784,
              36.25217495222519
            ],
            [
              129.45714119458887,
              36.28158348174949
            ],
            [
              129.46978667503618,
              36.27975849222581
            ],
            [
              129.47326434983685,
              36.29935848355327
            ],
            [
              129.48590983028419,
              36.29753390972201
            ],
            [
              129.4876486676845,
              36.30733228822608
            ],
            [
              129.5002941481318,
              36.30550790093007
            ],
            [
              129.51420484733455,
              36.38385243399198
            ],
            [
              129.52685032778186,
              36.382029838566595
            ],
            [
              129.53032800258254,
              36.40160411238251
            ],
            [
              129.51768252213523,
              36.403426248926024
            ],
            [
              129.51942135953556,
              36.4132113079245
            ],
            [
              129.50677587908825,
              36.41503317225878
            ],
            [
              129.51199239128928,
              36.444380265227764
            ],
            [
              129.52463787173662,
              36.44255908948427
            ],
            [
              129.5455039205407,
              36.55983922207056
            ],
            [
              129.5328584400934,
              36.56165764128717
            ],
            [
              129.53459727749373,
              36.57142273513259
            ],
            [
              129.52195179704643,
              36.57324088167925
            ],
            [
              129.5289071466478,
              36.6122879903624
            ],
            [
              129.5162616662005,
              36.61410517436839
            ],
            [
              129.51800050360086,
              36.62386363410598
            ],
            [
              129.50535502315353,
              36.62568054529111
            ],
            [
              129.51057153535456,
              36.654947822343736
            ],
            [
              129.49792605490725,
              36.65676400055343
            ],
            [
              129.4996648923076,
              36.666517058331145
            ],
            [
              129.48701941186027,
              36.668332963597926
            ],
            [
              129.495713598862,
              36.717078562034246
            ],
            [
              129.4830681184147,
              36.71889327357882
            ],
            [
              129.48654579321538,
              36.73838239812091
            ],
            [
              129.47390031276808,
              36.740196606273415
            ],
            [
              129.48433333717014,
              36.798632912276574
            ],
            [
              129.47168785672284,
              36.80044569540165
            ],
            [
              129.47342669412316,
              36.810180518774665
            ],
            [
              129.46078121367586,
              36.81199302855019
            ],
            [
              129.4659977258769,
              36.84118938083525
            ],
            [
              129.45335224542958,
              36.84300115621923
            ],
            [
              129.4550910828299,
              36.85273056719564
            ],
            [
              129.4424456023826,
              36.85454206911096
            ],
            [
              129.44766211458364,
              36.88372218067483
            ],
            [
              129.43501663413633,
              36.88553294787955
            ],
            [
              129.438494308937,
              36.90497970161601
            ],
            [
              129.42584882848973,
              36.90678996456755
            ],
            [
              129.43106534069074,
              36.93595011141452
            ],
            [
              129.41841986024346,
              36.9377596392659
            ],
            [
              129.42711404724517,
              36.986333943751724
            ],
            [
              129.41446856679784,
              36.98814227458482
            ],
            [
              129.4162074041982,
              36.997853185511055
            ],
            [
              129.40356192375089,
              36.99966124247377
            ],
            [
              129.40703959855156,
              37.01907888236815
            ],
            [
              129.39439411810426,
              37.020886434497775
            ],
            [
              129.40134946770561,
              37.05970590619598
            ],
            [
              129.3887039872583,
              37.06151249135861
            ],
            [
              129.39218166205902,
              37.080914320968475
            ],
            [
              129.36689070116438,
              37.08452643797689
            ],
            [
              129.37036837596509,
              37.10392237904046
            ],
            [
              129.35772289551775,
              37.10572791077114
            ],
            [
              129.3594617329181,
              37.115423788248826
            ],
            [
              129.3468162524708,
              37.11722904578882
            ],
            [
              129.34855508987116,
              37.12692345064111
            ],
            [
              129.33590960942385,
              37.12872843395933
            ],
            [
              129.34112612162485,
              37.157803504824585
            ],
            [
              129.32848064117758,
              37.159607751415116
            ],
            [
              129.3302194785779,
              37.16929672665357
            ],
            [
              129.3049285176833,
              37.172904628096525
            ],
            [
              129.30666735508365,
              37.182591898629745
            ],
            [
              129.29402187463631,
              37.18439555344651
            ],
            [
              129.29576071203667,
              37.19408135038349
            ],
            [
              129.28311523158936,
              37.19588473079784
            ],
            [
              129.28485406898972,
              37.20556905397331
            ],
            [
              129.2722085885424,
              37.207372159954524
            ],
            [
              129.27394742594274,
              37.217055009203506
            ],
            [
              129.26130194549546,
              37.21885784072087
            ],
            [
              129.26304078289579,
              37.22853921587861
            ],
            [
              129.25039530244848,
              37.2303417729015
            ],
            [
              129.25213413984883,
              37.24002167380354
            ],
            [
              129.2394886594015,
              37.24182395630134
            ],
            [
              129.24122749680188,
              37.25150238278347
            ],
            [
              129.22858201635455,
              37.25330439072563
            ],
            [
              129.23032085375488,
              37.26298134262391
            ],
            [
              129.21767537330757,
              37.26478307597991
            ],
            [
              129.21941421070792,
              37.27445855313066
            ],
            [
              129.20676873026062,
              37.27626001187007
            ],
            [
              129.20850756766097,
              37.285934014109856
            ],
            [
              129.19586208721367,
              37.287735198202256
            ],
            [
              129.197600924614,
              37.29740772536792
            ],
            [
              129.18495544416672,
              37.29920863478296
            ],
            [
              129.18843311896737,
              37.318549494849954
            ],
            [
              129.1757876385201,
              37.320349897947956
            ],
            [
              129.17752647592042,
              37.33001823054974
            ],
            [
              129.1648809954731,
              37.331818358884355
            ],
            [
              129.16661983287347,
              37.34148521578742
            ],
            [
              129.15397435242613,
              37.343285069328466
            ],
            [
              129.16092970202752,
              37.38193912714817
            ],
            [
              129.1482842215802,
              37.38373801068045
            ],
            [
              129.15002305898057,
              37.39339818200335
            ],
            [
              129.13737757853323,
              37.39519679060603
            ],
            [
              129.1391164159336,
              37.404855485338345
            ],
            [
              129.12647093548628,
              37.406653818981525
            ],
            [
              129.1282097728866,
              37.41631103696281
            ],
            [
              129.1155642924393,
              37.41810909561663
            ],
            [
              129.11730312983966,
              37.42776483668668
            ],
            [
              129.10465764939235,
              37.42956262032135
            ],
            [
              129.1063964867927,
              37.43921688432024
            ],
            [
              129.0937510063454,
              37.44101439290599
            ],
            [
              129.09548984374572,
              37.45066717967405
            ],
            [
              129.08284436329845,
              37.45246441318118
            ],
            [
              129.08458320069877,
              37.462115722559
            ],
            [
              129.07193772025144,
              37.463912680957854
            ],
            [
              129.07541539505215,
              37.48321109887792
            ],
            [
              129.06276991460484,
              37.48500755016739
            ],
            [
              129.06624758940555,
              37.504300520683515
            ],
            [
              129.0409566285109,
              37.50789236563864
            ],
            [
              129.04269546591127,
              37.51753651772923
            ],
            [
              129.03004998546396,
              37.51933214335333
            ],
            [
              129.03178882286429,
              37.528974817127434
            ],
            [
              129.019143342417,
              37.530770167470926
            ],
            [
              129.02088217981733,
              37.54041136277093
            ],
            [
              129.00823669937003,
              37.542206437804495
            ],
            [
              129.00997553677038,
              37.55184615447302
            ],
            [
              128.99733005632305,
              37.55364095416737
            ],
            [
              128.99906889372343,
              37.563279192047304
            ],
            [
              128.9864234132761,
              37.56507371637321
            ],
            [
              128.9899010880768,
              37.5843459873303
            ],
            [
              128.96461012718217,
              37.58793397756999
            ],
            [
              128.96634896458252,
              37.59756777814408
            ],
            [
              128.95370348413522,
              37.59936147618978
            ],
            [
              128.9571811589359,
              37.618624871202414
            ],
            [
              128.9445356784886,
              37.620418061499656
            ],
            [
              128.94627451588894,
              37.63004765565123
            ],
            [
              128.9209835549943,
              37.633633441914355
            ],
            [
              128.92272239239466,
              37.64326132389686
            ],
            [
              128.91007691194736,
              37.645053919829294
            ],
            [
              128.91181574934768,
              37.65468032177566
            ],
            [
              128.8991702689004,
              37.65647264210755
            ],
            [
              128.90090910630073,
              37.666097563863005
            ],
            [
              128.88826362585343,
              37.66788960856557
            ],
            [
              128.89521897545478,
              37.70637588522599
            ],
            [
              128.8825734950075,
              37.70816695698126
            ],
            [
              128.88431233240783,
              37.717785172903376
            ],
            [
              128.85902137151322,
              37.72136672160617
            ],
            [
              128.86076020891358,
              37.730983223988055
            ],
            [
              128.84811472846624,
              37.73277370090257
            ],
            [
              128.8498535658666,
              37.74238872206534
            ],
            [
              128.8372080854193,
              37.74417892315922
            ],
            [
              128.84242459762032,
              37.77301579556066
            ],
            [
              128.829779117173,
              37.774805255645106
            ],
            [
              128.83151795457337,
              37.78441481563809
            ],
            [
              128.81887247412604,
              37.78620399979735
            ],
            [
              128.8206113115264,
              37.79581207785748
            ],
            [
              128.7953203506318,
              37.799389850949254
            ],
            [
              128.7970591880321,
              37.808996214263246
            ],
            [
              128.7717682271375,
              37.81257334873796
            ],
            [
              128.77350706453785,
              37.822177997103324
            ],
            [
              128.76086158409055,
              37.82396626665956
            ],
            [
              128.76433925889123,
              37.84317134867343
            ],
            [
              128.75169377844395,
              37.84495910944651
            ],
            [
              128.75343261584425,
              37.85455954281743
            ],
            [
              128.74078713539697,
              37.85634702749218
            ],
            [
              128.7425259727973,
              37.865945978001065
            ],
            [
              128.7172350119027,
              37.86952035175094
            ],
            [
              128.71897384930304,
              37.879117586440636
            ],
            [
              128.70632836885574,
              37.8809044754835
            ],
            [
              128.70806720625606,
              37.89050022698795
            ],
            [
              128.69542172580879,
              37.89228683984438
            ],
            [
              128.6971605632091,
              37.90188110801415
            ],
            [
              128.6845150827618,
              37.90366744465637
            ],
            [
              128.68625392016216,
              37.91326022934228
            ],
            [
              128.67360843971485,
              37.91504628974252
            ],
            [
              128.6753472771152,
              37.92463759079563
            ],
            [
              128.66270179666787,
              37.92642337492621
            ],
            [
              128.66617947146855,
              37.9456017584871
            ],
            [
              128.65353399102125,
              37.94738703337289
            ],
            [
              128.65527282842163,
              37.956974115607345
            ],
            [
              128.6426273479743,
              37.95875911414496
            ],
            [
              128.64436618537462,
              37.968344712176695
            ],
            [
              128.63172070492735,
              37.970129434338595
            ],
            [
              128.635198379728,
              37.989296410239994
            ],
            [
              128.62255289928072,
              37.991080622962194
            ],
            [
              128.62429173668104,
              38.00066200056035
            ],
            [
              128.61164625623377,
              38.002445936828856
            ],
            [
              128.61512393103442,
              38.02160447067398
            ],
            [
              128.6024784505871,
              38.023387897359406
            ],
            [
              128.60421728798747,
              38.03296505333621
            ],
            [
              128.59157180754016,
              38.03474820349034
            ],
            [
              128.59504948234084,
              38.05389829290955
            ],
            [
              128.58240400189354,
              38.055680933337946
            ],
            [
              128.5858816766942,
              38.07482554729491
            ],
            [
              128.5605907157996,
              38.078389765089774
            ],
            [
              128.56232955319996,
              38.08795972691904
            ],
            [
              128.54968407275263,
              38.089741537440766
            ],
            [
              128.55142291015298,
              38.09931001338027
            ],
            [
              128.53877742970568,
              38.10109154721243
            ],
            [
              128.54225510450635,
              38.120224274143744
            ],
            [
              128.52960962405905,
              38.122005297959184
            ],
            [
              128.5313484614594,
              38.131569548684936
            ],
            [
              128.5187029810121,
              38.13335029573439
            ],
            [
              128.52218065581278,
              38.15247457107292
            ],
            [
              128.5095351753655,
              38.15425480796518
            ],
            [
              128.5147516875665,
              38.18293112056772
            ],
            [
              128.5021062071192,
              38.18471061378729
            ],
            [
              128.50558388191988,
              38.2038214205363
            ],
            [
              128.49293840147257,
              38.2056004033763
            ],
            [
              128.49641607627325,
              38.2247057276519
            ],
            [
              128.48377059582594,
              38.226484200022384
            ],
            [
              128.4855094332263,
              38.236034747546796
            ],
            [
              128.472863952779,
              38.23781294290623
            ],
            [
              128.47634162757967,
              38.25690980810547
            ],
            [
              128.46369614713237,
              38.25868749285718
            ],
            [
              128.4689126593334,
              38.2873226813513
            ],
            [
              128.4562671788861,
              38.28909962177638
            ],
            [
              128.45800601628642,
              38.2986419415935
            ],
            [
              128.44536053583914,
              38.30041860486243
            ],
            [
              128.4488382106398,
              38.31949901243465
            ],
            [
              128.43619273019252,
              38.3212751648291
            ],
            [
              128.43793156759284,
              38.33081325232639
            ],
            [
              128.42528608714554,
              38.33258912749065
            ],
            [
              128.43224143674692,
              38.370727989421574
            ],
            [
              128.41959595629962,
              38.372502886011254
            ],
            [
              128.42133479369994,
              38.38203422889033
            ],
            [
              128.40868931325264,
              38.38380884813262
            ],
            [
              128.41390582545367,
              38.41239464043139
            ],
            [
              128.40126034500636,
              38.414168514576595
            ],
            [
              128.40473801980704,
              38.43321896158286
            ],
            [
              128.39209253935974,
              38.43499232437518
            ],
            [
              128.39557021416041,
              38.45403727847094
            ],
            [
              128.3829247337131,
              38.455810129823675
            ],
            [
              128.38466357111346,
              38.46533048824463
            ],
            [
              128.37201809066616,
              38.46710306206132
            ],
            [
              128.37375692806648,
              38.4766219299059
            ],
            [
              128.3611114476192,
              38.47839422616115
            ],
            [
              128.36285028501953,
              38.48791160329312
            ],
            [
              128.35020480457223,
              38.489683621961596
            ],
            [
              128.35194364197258,
              38.499199508244956
            ],
            [
              128.33929816152525,
              38.50097124930135
            ],
            [
              128.34103699892563,
              38.51048564460034
            ],
            [
              128.30310055758372,
              38.51579990410495
            ],
            [
              128.30483939498404,
              38.52531234012366
            ],
            [
              128.21632103185289,
              38.53770911478948
            ],
            [
              128.21805986925324,
              38.54721865482246
            ],
            [
              128.19276890835863,
              38.550759729858534
            ],
            [
              128.19450774575898,
              38.56026754418484
            ],
            [
              128.18186226531168,
              38.56203778215627
            ],
            [
              128.183601102712,
              38.57154410476786
            ],
            [
              128.1583101418174,
              38.57508398155903
            ],
            [
              128.16004897921772,
              38.584588578128916
            ],
            [
              128.13475801832314,
              38.58812781210085
            ],
            [
              128.13649685572346,
              38.59763068244989
            ],
            [
              128.12385137527616,
              38.59939999980009
            ],
            [
              128.1255902126765,
              38.6089013779909
            ],
            [
              128.11294473222918,
              38.610670417485395
            ],
            [
              128.11468356962953,
              38.620170303384675
            ],
            [
              128.08939260873495,
              38.623707782990564
            ],
            [
              128.09113144613528,
              38.63320594218216
            ],
            [
              128.07848596568797,
              38.634974382264915
            ],
            [
              128.0802248030883,
              38.64447104887835
            ],
            [
              128.067579322641,
              38.64623921102728
            ],
            [
              128.06931816004135,
              38.65573438493006
            ],
            [
              128.05667267959404,
              38.65750226912053
            ],
            [
              128.05841151699437,
              38.66699595018041
            ],
            [
              128.0457660365471,
              38.6687635563878
            ],
            [
              128.04750487394742,
              38.67825574447279
            ],
            [
              128.0348593935001,
              38.68002307267256
            ],
            [
              128.03659823090044,
              38.68951376765093
            ],
            [
              128.02395275045316,
              38.691280817818566
            ],
            [
              128.02569158785352,
              38.70077001955882
            ],
            [
              128.01304610740618,
              38.702536791669864
            ],
            [
              128.01478494480654,
              38.71202450004075
            ],
            [
              128.00213946435923,
              38.713790994070806
            ],
            [
              128.00387830175958,
              38.723277208941354
            ],
            [
              127.97858734086498,
              38.72680959713333
            ],
            [
              127.9803261782653,
              38.736294083900496
            ],
            [
              127.96768069781798,
              38.73805997803431
            ],
            [
              127.96941953521835,
              38.74754297101945
            ],
            [
              127.95677405477103,
              38.749308586995475
            ],
            [
              127.95851289217138,
              38.758790086068416
            ],
            [
              127.94586741172408,
              38.76055542386245
            ],
            [
              127.9476062491244,
              38.77003542889322
            ],
            [
              127.90966980778249,
              38.77533047663675
            ],
            [
              127.91140864518282,
              38.784808518378284
            ],
            [
              127.89876316473554,
              38.78657321238137
            ],
            [
              127.90050200213587,
              38.79604975978103
            ],
            [
              127.88785652168855,
              38.7978141755222
            ],
            [
              127.88959535908891,
              38.80728922845088
            ],
            [
              127.8769498786416,
              38.80905336590611
            ],
            [
              127.87868871604195,
              38.81852692423494
            ],
            [
              127.86604323559465,
              38.82029078338027
            ],
            [
              127.86778207299497,
              38.829762846980636
            ],
            [
              127.85513659254765,
              38.83152642779214
            ],
            [
              127.85687542994802,
              38.840996996535694
            ],
            [
              127.8442299495007,
              38.8427602989895
            ],
            [
              127.84596878690105,
              38.85222937274812
            ],
            [
              127.83332330645375,
              38.853992396820374
            ],
            [
              127.83506214385407,
              38.863459975466206
            ],
            [
              127.82241666340678,
              38.86522272113315
            ],
            [
              127.82415550080712,
              38.874688804538565
            ],
            [
              127.79886453991251,
              38.878213695306215
            ],
            [
              127.78843151551048,
              38.82140110486047
            ],
            [
              127.80107699595777,
              38.81963727321744
            ],
            [
              127.79933815855743,
              38.81016386258347
            ],
            [
              127.81198363900475,
              38.80839975262816
            ],
            [
              127.80502828940335,
              38.770492572621215
            ],
            [
              127.81767376985066,
              38.768727480671615
            ],
            [
              127.81593493245033,
              38.75924730184971
            ],
            [
              127.82858041289762,
              38.757481931696766
            ],
            [
              127.82684157549728,
              38.748000258847796
            ],
            [
              127.8394870559446,
              38.746234610515664
            ],
            [
              127.8307928689429,
              38.69880618477607
            ],
            [
              127.84343834939018,
              38.697039320500195
            ],
            [
              127.84169951198986,
              38.68754962381021
            ],
            [
              127.85434499243716,
              38.68578248148585
            ],
            [
              127.85260615503681,
              38.67629129160131
            ],
            [
              127.86525163548413,
              38.67452387125293
            ],
            [
              127.86351279808376,
              38.6650311883054
            ],
            [
              127.8888037589784,
              38.66149574797334
            ],
            [
              127.88706492157803,
              38.65200133775603
            ],
            [
              127.91235588247264,
              38.6484652542137
            ],
            [
              127.9106170450723,
              38.63896911690346
            ],
            [
              127.99913540820344,
              38.62658981004236
            ],
            [
              127.99739657080312,
              38.6170907744129
            ],
            [
              128.0100420512504,
              38.61532189323354
            ],
            [
              128.00830321385007,
              38.605821365236736
            ],
            [
              128.02094869429737,
              38.60405220618753
            ],
            [
              128.01920985689702,
              38.59455018595652
            ],
            [
              128.03185533734435,
              38.59278074906231
            ],
            [
              128.02837766254365,
              38.573772466621946
            ],
            [
              128.04102314299098,
              38.57200251771716
            ],
            [
              128.03928430559063,
              38.562496255754304
            ],
            [
              128.05192978603793,
              38.560726029075305
            ],
            [
              128.0467132738369,
              38.53219899575598
            ],
            [
              128.05935875428423,
              38.530428023084575
            ],
            [
              128.05588107948353,
              38.51140324622119
            ],
            [
              128.04323559903622,
              38.51317468706437
            ],
            [
              128.0380190868352,
              38.484628796229295
            ],
            [
              128.05066456728252,
              38.482856653262864
            ],
            [
              128.0471868924818,
              38.46381930730681
            ],
            [
              128.05983237292912,
              38.4620466527812
            ],
            [
              128.0511381859274,
              38.41443012995185
            ],
            [
              128.0384927054801,
              38.41620395412481
            ],
            [
              128.0350150306794,
              38.39714901957935
            ],
            [
              128.04766051112674,
              38.39537472767464
            ],
            [
              128.04418283632603,
              38.37631430191629
            ],
            [
              128.05682831677336,
              38.374539498817015
            ],
            [
              128.05335064197266,
              38.35547358278446
            ],
            [
              128.06599612242,
              38.35369826857816
            ],
            [
              128.0642572850196,
              38.34416319356641
            ],
            [
              128.07690276546694,
              38.34238760207743
            ],
            [
              128.07342509066623,
              38.32331321867415
            ],
            [
              128.08607057111357,
              38.32153711621376
            ],
            [
              128.08259289631286,
              38.30245724493733
            ],
            [
              128.0952383767602,
              38.30068063159383
            ],
            [
              128.0917607019595,
              38.281595273394196
            ],
            [
              128.1044061824068,
              38.27981814925617
            ],
            [
              128.10266734500647,
              38.270273354456876
            ],
            [
              128.11531282545377,
              38.26849595320619
            ],
            [
              128.11183515065306,
              38.24940213282711
            ],
            [
              128.12448063110037,
              38.24762422091913
            ],
            [
              128.12274179370004,
              38.238075195599265
            ],
            [
              128.13538727414735,
              38.236297006653274
            ],
            [
              128.133648436747,
              38.22674649357064
            ],
            [
              128.1462939171943,
              38.22496802761298
            ],
            [
              128.14455507979395,
              38.2154160269092
            ],
            [
              128.15720056024125,
              38.21363728396628
            ],
            [
              128.15546172284093,
              38.20408379578326
            ],
            [
              128.18075268373553,
              38.200525712507
            ],
            [
              128.1790138463352,
              38.190970503527346
            ],
            [
              128.1916593267825,
              38.18919116322466
            ],
            [
              128.18992048938216,
              38.17963446707271
            ],
            [
              128.26579337206599,
              38.16895611190305
            ],
            [
              128.26405453466566,
              38.15939676170061
            ],
            [
              128.30199097600757,
              38.15405629721975
            ],
            [
              128.30025213860725,
              38.14449499350437
            ],
            [
              128.31289761905452,
              38.14271451840248
            ],
            [
              128.3111587816542,
              38.13315172810133
            ],
            [
              128.3490952229961,
              38.12780934207953
            ],
            [
              128.34735638559576,
              38.11824459870209
            ],
            [
              128.36000186604306,
              38.11646348315823
            ],
            [
              128.3582630286427,
              38.10689725352803
            ],
            [
              128.37090850909001,
              38.10511586125391
            ],
            [
              128.3622143220883,
              38.057264756425745
            ],
            [
              128.349568841641,
              38.05904731485832
            ],
            [
              128.34261349203965,
              38.02074482148937
            ],
            [
              128.35525897248698,
              38.01896133047654
            ],
            [
              128.3361317610832,
              37.91352364841331
            ],
            [
              128.3487772415305,
              37.91173755104412
            ],
            [
              128.3418218919291,
              37.87335811494144
            ],
            [
              128.35446737237643,
              37.87157104282944
            ],
            [
              128.34577318537472,
              37.82356745318471
            ],
            [
              128.35841866582203,
              37.82177917396513
            ],
            [
              128.35667982842168,
              37.81217447370546
            ],
            [
              128.36932530886898,
              37.810385918468285
            ],
            [
              128.36410879666798,
              37.78156362251679
            ],
            [
              128.37675427711525,
              37.779774326021084
            ],
            [
              128.3732766023146,
              37.76055275035196
            ],
            [
              128.3859220827619,
              37.758762945362065
            ],
            [
              128.38418324536156,
              37.74915005136736
            ],
            [
              128.39682872580886,
              37.74735997051603
            ],
            [
              128.39161221360783,
              37.71851309800546
            ],
            [
              128.40425769405513,
              37.716722276316425
            ],
            [
              128.39382466965307,
              37.658993428711135
            ],
            [
              128.40647015010038,
              37.65720116923015
            ],
            [
              128.3960371256983,
              37.59942600422232
            ],
            [
              128.38339164525104,
              37.60121965747047
            ],
            [
              128.38165280785068,
              37.591586329691566
            ],
            [
              128.3690073274034,
              37.59338017192341
            ],
            [
              128.3655296526027,
              37.57411023954796
            ],
            [
              128.3528841721554,
              37.575904502938656
            ],
            [
              128.34940649735472,
              37.55663004725901
            ],
            [
              128.33676101690742,
              37.558424731740445
            ],
            [
              128.3315445047064,
              37.529504394557094
            ],
            [
              128.31889902425905,
              37.53129973215374
            ],
            [
              128.31368251205805,
              37.50236887362691
            ],
            [
              128.30103703161072,
              37.50416486417376
            ],
            [
              128.2940816820094,
              37.46557386956896
            ],
            [
              128.28143620156206,
              37.4673707448545
            ],
            [
              128.26926433975967,
              37.39979017448461
            ],
            [
              128.25661885931237,
              37.40158862969714
            ],
            [
              128.25140234711134,
              37.372607548090905
            ],
            [
              128.23875686666403,
              37.37440665545652
            ],
            [
              128.23527919186336,
              37.35508017489006
            ],
            [
              128.20998823096875,
              37.358679187065526
            ],
            [
              128.20303288136736,
              37.320013148048126
            ],
            [
              128.19038740092006,
              37.321813516084525
            ],
            [
              128.18864856351973,
              37.3121441278469
            ],
            [
              128.20129404396704,
              37.310343528197876
            ],
            [
              128.19955520656669,
              37.300672664539846
            ],
            [
              128.212200687014,
              37.29887179017929
            ],
            [
              128.21046184961364,
              37.28919945126347
            ],
            [
              128.22310733006094,
              37.287398302221696
            ],
            [
              128.2126743056589,
              37.2293367692199
            ],
            [
              128.2253197861062,
              37.22753418817204
            ],
            [
              128.22358094870586,
              37.21785268399529
            ],
            [
              128.2615173900478,
              37.21244398812159
            ],
            [
              128.25977855264745,
              37.20276054712008
            ],
            [
              128.28506951354206,
              37.19915407171978
            ],
            [
              128.28680835094238,
              37.208837975453015
            ],
            [
              128.42590863586275,
              37.18900182556601
            ],
            [
              128.4241697984624,
              37.17931537709918
            ],
            [
              128.44946075935704,
              37.17570778177762
            ],
            [
              128.44772192195668,
              37.166019628498695
            ],
            [
              128.4730128828513,
              37.16241139833856
            ],
            [
              128.47127404545097,
              37.15272154046929
            ],
            [
              128.48391952589824,
              37.15091712954013
            ],
            [
              128.48044185109757,
              37.13153322575624
            ],
            [
              128.49308733154487,
              37.129728309333906
            ],
            [
              128.4896096567442,
              37.110338976610194
            ],
            [
              128.5022551371915,
              37.10853355480005
            ],
            [
              128.50051629979114,
              37.098836795159
            ],
            [
              128.53845274113309,
              37.09341957810846
            ],
            [
              128.53671390373273,
              37.083720883901464
            ],
            [
              128.54935938418004,
              37.08191482771913
            ],
            [
              128.5476205467797,
              37.072214661374076
            ],
            [
              128.560266027227,
              37.070408331091876
            ],
            [
              128.55852718982666,
              37.0607066927766
            ],
            [
              128.571172670274,
              37.058900088425794
            ],
            [
              128.56595615807294,
              37.029787036280844
            ],
            [
              128.55331067762563,
              37.03159433363304
            ],
            [
              128.5515718402253,
              37.02188773291851
            ],
            [
              128.56421732067258,
              37.020080204610515
            ],
            [
              128.56073964587193,
              37.00066282055727
            ],
            [
              128.57338512631924,
              36.99885478741112
            ],
            [
              128.57164628891888,
              36.98914400438451
            ],
            [
              128.5842917693662,
              36.98733569736523
            ],
            [
              128.58255293196584,
              36.977623443587
            ],
            [
              128.60784389286044,
              36.97400623888247
            ],
            [
              128.60610505546012,
              36.964292283695755
            ],
            [
              128.63139601635473,
              36.96067444542131
            ],
            [
              128.62965717895437,
              36.95095878905407
            ],
            [
              128.6675936202963,
              36.945531016958604
            ],
            [
              128.66585478289596,
              36.93581342887848
            ],
            [
              128.72908218513248,
              36.92676512892527
            ],
            [
              128.73082102253284,
              36.93648387074562
            ],
            [
              128.81933938566394,
              36.92381606149904
            ],
            [
              128.8210782230643,
              36.93353517929985
            ],
            [
              128.8590146644062,
              36.92810616594442
            ],
            [
              128.86075350180656,
              36.9378247367857
            ],
            [
              128.87339898225386,
              36.93601521048005
            ],
            [
              128.8751378196542,
              36.94573277282843
            ],
            [
              128.88778330010152,
              36.94392343431395
            ],
            [
              128.88952213750187,
              36.95363998808897
            ],
            [
              128.90216761794915,
              36.95183083738066
            ],
            [
              128.9039064553495,
              36.961546382501965
            ],
            [
              128.9165519357968,
              36.95973741961477
            ],
            [
              128.9200296105975,
              36.979165252740515
            ],
            [
              128.90738413015018,
              36.9809737539726
            ],
            [
              128.9126006423512,
              37.010105512435096
            ],
            [
              128.9252461227985,
              37.008297703854346
            ],
            [
              128.92698496019887,
              37.018006040789714
            ],
            [
              128.9902123624354,
              37.00896750752762
            ],
            [
              128.98847352503503,
              36.99925801601162
            ],
            [
              129.00111900548234,
              36.99744994946072
            ],
            [
              128.99764133068166,
              36.97802678475105
            ],
            [
              129.01028681112896,
              36.976218213476365
            ],
            [
              129.0085479737286,
              36.96650454059576
            ],
            [
              129.02119345417594,
              36.964695695510144
            ],
            [
              129.0229322915763,
              36.97440959921855
            ],
            [
              129.0355777720236,
              36.97260094197836
            ],
            [
              129.03383893462325,
              36.96288680744635
            ],
            [
              129.04648441507055,
              36.96107787640518
            ],
            [
              129.0447455776702,
              36.951362271509325
            ],
            [
              129.0573910581175,
              36.94955306669889
            ],
            [
              129.05565222071718,
              36.93983599160978
            ],
            [
              129.0809431816118,
              36.93621699154737
            ],
            [
              129.08442085641246,
              36.95565082542509
            ],
            [
              129.14764825864899,
              36.94660488098343
            ],
            [
              129.14590942124866,
              36.93688742986426
            ],
            [
              129.17120038214327,
              36.933268289775945
            ],
            [
              129.16946154474292,
              36.92354913794596
            ],
            [
              129.18210702519022,
              36.92173927272666
            ],
            [
              129.1803681877899,
              36.91201865111607
            ],
            [
              129.1930136682372,
              36.9102085122362
            ],
            [
              129.19127483083685,
              36.90048642101648
            ],
            [
              129.20392031128415,
              36.89867600850801
            ],
            [
              129.19870379908312,
              36.86950161073591
            ],
            [
              129.21134927953042,
              36.86769046340503
            ],
            [
              129.20439392992907,
              36.82877300722736
            ],
            [
              129.19174844948176,
              36.830585076735495
            ],
            [
              129.1900096120814,
              36.820852848166915
            ],
            [
              129.1773641316341,
              36.82266510524659
            ],
            [
              129.17562529423375,
              36.81293186936541
            ],
            [
              129.16297981378648,
              36.81474431400138
            ],
            [
              129.16124097638613,
              36.805010070889345
            ],
            [
              129.1485954959388,
              36.8068227030664
            ],
            [
              129.14685665853847,
              36.797087452805386
            ],
            [
              129.13421117809116,
              36.79890027250827
            ],
            [
              129.12551699108946,
              36.750206613326434
            ],
            [
              129.11287151064215,
              36.75202054197423
            ]
          ]
        ]
      },
      "properties": {
        "name": "溟州",
        "native_name": "명주",
        "year": 757,
        "source_map_label": "溟州",
        "source_label_pixel": [
          570,
          470
        ],
        "map_year": 757,
        "date_precision": "reference_year",
        "boundary_basis": "digitized_published_map"
      }
    },
    {
      "type": "Feature",
      "id": "silla-4",
      "geometry": {
        "type": "Polygon",
        "coordinates": [
          [
            [
              128.00402052472487,
              36.86104489546035
            ],
            [
              128.0022816873245,
              36.851316542699344
            ],
            [
              127.98963620687721,
              36.85312807812395
            ],
            [
              127.98789736947688,
              36.84339871773653
            ],
            [
              127.97525188902956,
              36.845210440775915
            ],
            [
              127.97003537682855,
              36.8160156232032
            ],
            [
              127.98268085727587,
              36.8142032086682
            ],
            [
              127.97746434507484,
              36.78499656033187
            ],
            [
              127.96481886462753,
              36.78680966615548
            ],
            [
              127.96308002722718,
              36.777071872277816
            ],
            [
              127.95043454677986,
              36.778885165588655
            ],
            [
              127.94869570937952,
              36.769146364851345
            ],
            [
              127.93605022893225,
              36.7709598456341
            ],
            [
              127.93431139153188,
              36.761220038119404
            ],
            [
              127.89637495018997,
              36.766660914166806
            ],
            [
              127.89463611278961,
              36.7569205606238
            ],
            [
              127.86934515189502,
              36.76054805754959
            ],
            [
              127.86760631449465,
              36.75080692767721
            ],
            [
              127.84231535360006,
              36.7544347137025
            ],
            [
              127.84057651619972,
              36.74469280754977
            ],
            [
              127.82793103575241,
              36.74650686654435
            ],
            [
              127.82619219835208,
              36.73676395386849
            ],
            [
              127.81354671790477,
              36.7385782002723
            ],
            [
              127.81180788050442,
              36.72883428115592
            ],
            [
              127.7991624000571,
              36.73064871495357
            ],
            [
              127.79394588785608,
              36.70141022913866
            ],
            [
              127.78130040740876,
              36.70322531075291
            ],
            [
              127.77956157000845,
              36.69347690632095
            ],
            [
              127.75427060911383,
              36.6971074013397
            ],
            [
              127.75253177171348,
              36.687358221088964
            ],
            [
              127.72724081081888,
              36.69098900501699
            ],
            [
              127.72550197341855,
              36.68123904899691
            ],
            [
              127.70021101252392,
              36.684870121815784
            ],
            [
              127.69847217512358,
              36.67511939007583
            ],
            [
              127.68582669467628,
              36.676935092347314
            ],
            [
              127.68408785727594,
              36.66718335481167
            ],
            [
              127.67144237682864,
              36.668999244356854
            ],
            [
              127.66970353942827,
              36.659246501108875
            ],
            [
              127.657058058981,
              36.66106257791223
            ],
            [
              127.65531922158063,
              36.65130882903537
            ],
            [
              127.64267374113335,
              36.65312509308137
            ],
            [
              127.63919606633266,
              36.63361434873058
            ],
            [
              127.66448702722725,
              36.629980857599534
            ],
            [
              127.66274818982693,
              36.6202231722623
            ],
            [
              127.67539367027425,
              36.618406132442665
            ],
            [
              127.67365483287388,
              36.608646981915065
            ],
            [
              127.6863003133212,
              36.606829669290235
            ],
            [
              127.68456147592084,
              36.59706905375071
            ],
            [
              127.69720695636815,
              36.595251468353915
            ],
            [
              127.69199044416713,
              36.565961523100334
            ],
            [
              127.67934496371983,
              36.56777979821037
            ],
            [
              127.67586728891914,
              36.54824745502233
            ],
            [
              127.66322180847182,
              36.55006614702882
            ],
            [
              127.64583343446841,
              36.45233269261707
            ],
            [
              127.65847891491572,
              36.450511703549076
            ],
            [
              127.64804589051366,
              36.391811061345074
            ],
            [
              127.66069137096095,
              36.389988652473384
            ],
            [
              127.65025834655891,
              36.33124227486679
            ],
            [
              127.63761286611162,
              36.33306605991863
            ],
            [
              127.63587402871127,
              36.323270915628
            ],
            [
              127.62322854826395,
              36.32509488726752
            ],
            [
              127.62148971086363,
              36.31529874095077
            ],
            [
              127.60884423041631,
              36.31712289916173
            ],
            [
              127.60710539301598,
              36.30732575090603
            ],
            [
              127.59445991256867,
              36.30915009567221
            ],
            [
              127.5840268881666,
              36.25034273323504
            ],
            [
              127.59667236861392,
              36.248517013529955
            ],
            [
              127.59493353121358,
              36.238711250561835
            ],
            [
              127.60757901166087,
              36.23688525913596
            ],
            [
              127.60584017426055,
              36.227078036984075
            ],
            [
              127.61848565470785,
              36.22525177387226
            ],
            [
              127.6167468173075,
              36.21544309272383
            ],
            [
              127.64203777820212,
              36.211789980559246
            ],
            [
              127.64029894080177,
              36.20197961162449
            ],
            [
              127.65294442124909,
              36.20015276261215
            ],
            [
              127.65120558384875,
              36.1903409350856
            ],
            [
              127.67649654474336,
              36.18668665128265
            ],
            [
              127.67475770734302,
              36.176873136438786
            ],
            [
              127.68740318779031,
              36.17504570168874
            ],
            [
              127.68566435038998,
              36.1652307286591
            ],
            [
              127.69830983083727,
              36.163403022409064
            ],
            [
              127.69657099343694,
              36.15358659138231
            ],
            [
              127.68392551298962,
              36.155414526486716
            ],
            [
              127.68044783818894,
              36.13577843525083
            ],
            [
              127.65515687729433,
              36.1394350929202
            ],
            [
              127.653418039894,
              36.12961566169816
            ],
            [
              127.64077255944669,
              36.13144415542095
            ],
            [
              127.63381720984532,
              36.092155060253496
            ],
            [
              127.64646269029261,
              36.09032565160883
            ],
            [
              127.6447238528923,
              36.08050007846152
            ],
            [
              127.6700148137869,
              36.076840676111104
            ],
            [
              127.66827597638657,
              36.06701341771401
            ],
            [
              127.68092145683386,
              36.065183424049366
            ],
            [
              127.67222726983215,
              36.01602757512544
            ],
            [
              127.68487275027944,
              36.014196396155036
            ],
            [
              127.67617856327773,
              35.96500872796709
            ],
            [
              127.68882404372505,
              35.96317636437516
            ],
            [
              127.68708520632471,
              35.95333492272119
            ],
            [
              127.699730686772,
              35.951502288276
            ],
            [
              127.69625301197132,
              35.93181526987538
            ],
            [
              127.70889849241863,
              35.92998213633495
            ],
            [
              127.7071596550183,
              35.92013655994574
            ],
            [
              127.71980513546559,
              35.91830315565472
            ],
            [
              127.71806629806525,
              35.90845612529576
            ],
            [
              127.74335725895988,
              35.9047887327932
            ],
            [
              127.74161842155952,
              35.89494002047264
            ],
            [
              127.75426390200684,
              35.89310603230308
            ],
            [
              127.75252506460649,
              35.883255866432826
            ],
            [
              127.76517054505379,
              35.88142160762715
            ],
            [
              127.76690938245413,
              35.89127200164844
            ],
            [
              127.77955486290143,
              35.88943792850958
            ],
            [
              127.78129370030177,
              35.899287325360675
            ],
            [
              127.79393918074908,
              35.897453437905746
            ],
            [
              127.80263336775079,
              35.94668317879213
            ],
            [
              127.8152788481981,
              35.94485039004854
            ],
            [
              127.82223419779947,
              35.98421302685022
            ],
            [
              127.83487967824679,
              35.98238110899805
            ],
            [
              127.83835735304747,
              36.002055524937674
            ],
            [
              127.85100283349476,
              36.00022402140175
            ],
            [
              127.8527416708951,
              36.010059617561716
            ],
            [
              127.8653871513424,
              36.00822829994456
            ],
            [
              127.86712598874277,
              36.01806289758192
            ],
            [
              127.87977146919005,
              36.016231765900386
            ],
            [
              127.88151030659041,
              36.02606536492464
            ],
            [
              127.90680126748501,
              36.02240343091789
            ],
            [
              127.90506243008468,
              36.01256937490384
            ],
            [
              127.9429988714266,
              36.00707546933856
            ],
            [
              127.94126003402626,
              35.99723950091295
            ],
            [
              127.95390551447355,
              35.99540788552781
            ],
            [
              127.95042783967287,
              35.97573181151715
            ],
            [
              127.96307332012017,
              35.97389969678708
            ],
            [
              127.96133448271985,
              35.96405959155757
            ],
            [
              127.97397996316714,
              35.96222720594114
            ],
            [
              127.97050228836645,
              35.942542859883744
            ],
            [
              127.98314776881375,
              35.94070997511096
            ],
            [
              127.9814089314134,
              35.93086573464003
            ],
            [
              128.0193453727553,
              35.925366140463346
            ],
            [
              128.02108421015566,
              35.9352110657466
            ],
            [
              128.033729690603,
              35.9333780109461
            ],
            [
              128.03546852800332,
              35.94322193855691
            ],
            [
              128.08605044979254,
              35.93589020741647
            ],
            [
              128.08778928719286,
              35.94573382215818
            ],
            [
              128.1130802480875,
              35.94206815812138
            ],
            [
              128.11134141068717,
              35.932224086807125
            ],
            [
              128.12398689113445,
              35.93039096274579
            ],
            [
              128.12224805373413,
              35.92054543726067
            ],
            [
              128.16018449507604,
              35.91504512532921
            ],
            [
              128.15844565767568,
              35.90519768943614
            ],
            [
              128.2090275794649,
              35.897862432452115
            ],
            [
              128.20728874206458,
              35.88801285831888
            ],
            [
              128.23257970295919,
              35.88434451857659
            ],
            [
              128.2343185403595,
              35.894194549032015
            ],
            [
              128.25960950125415,
              35.89052649566941
            ],
            [
              128.2613483386545,
              35.90037575709606
            ],
            [
              128.27399381910178,
              35.898541894858624
            ],
            [
              128.2757326565021,
              35.908390159010835
            ],
            [
              128.28837813694943,
              35.906556482476745
            ],
            [
              128.2918558117501,
              35.92624979035334
            ],
            [
              128.30450129219741,
              35.92441652777744
            ],
            [
              128.30971780439845,
              35.95394798036249
            ],
            [
              128.29707232395114,
              35.95578055807085
            ],
            [
              128.30054999875182,
              35.97546160554279
            ],
            [
              128.28790451830454,
              35.97729368401949
            ],
            [
              128.28964335570487,
              35.987132139644615
            ],
            [
              128.27699787525754,
              35.988963947194186
            ],
            [
              128.28047555005824,
              36.00863672137415
            ],
            [
              128.29312103050555,
              36.006805370703404
            ],
            [
              128.29485986790587,
              36.016640145863235
            ],
            [
              128.34544178969512,
              36.00931523164968
            ],
            [
              128.34718062709544,
              36.01914969367902
            ],
            [
              128.38511706843738,
              36.01365624675438
            ],
            [
              128.3868559058377,
              36.02349016715375
            ],
            [
              128.41214686673231,
              36.01982811346126
            ],
            [
              128.41388570413267,
              36.02966126369748
            ],
            [
              128.45182214547458,
              36.024168549567506
            ],
            [
              128.45008330807423,
              36.01433471382581
            ],
            [
              128.47537426896886,
              36.01067223468134
            ],
            [
              128.47363543156848,
              36.00083671494727
            ],
            [
              128.48628091201581,
              35.999005183103996
            ],
            [
              128.48454207461546,
              35.98916820806234
            ],
            [
              128.49718755506277,
              35.98733640525539
            ],
            [
              128.50066522986347,
              36.00700958536844
            ],
            [
              128.51331071031078,
              36.00517819690103
            ],
            [
              128.5150495477111,
              36.01501317505713
            ],
            [
              128.55298598905304,
              36.009519439813445
            ],
            [
              128.55472482645337,
              36.01935387636493
            ],
            [
              128.59266126779528,
              36.01386044367275
            ],
            [
              128.59440010519563,
              36.023694338593
            ],
            [
              128.61969106609024,
              36.02003229438938
            ],
            [
              128.61795222868992,
              36.01019794249161
            ],
            [
              128.6305977091372,
              36.008366628087764
            ],
            [
              128.62885887173687,
              35.99853082072797
            ],
            [
              128.64150435218414,
              35.99669923533167
            ],
            [
              128.63976551478382,
              35.986861972702364
            ],
            [
              128.65241099523112,
              35.985030116349485
            ],
            [
              128.64893332043044,
              35.96535145441908
            ],
            [
              128.63628783998314,
              35.967183767537755
            ],
            [
              128.63281016518243,
              35.94750065674708
            ],
            [
              128.64545564562977,
              35.94566788696495
            ],
            [
              128.6437168082294,
              35.93582426401039
            ],
            [
              128.71958969091327,
              35.92482538296534
            ],
            [
              128.7213285283136,
              35.9346703755791
            ],
            [
              128.7592649696555,
              35.92917104605214
            ],
            [
              128.76100380705586,
              35.939015497556234
            ],
            [
              128.77364928750313,
              35.93718253097853
            ],
            [
              128.78582114930555,
              36.00606095406392
            ],
            [
              128.79846662975285,
              36.00422954356148
            ],
            [
              128.80020546715318,
              36.014064640062124
            ],
            [
              128.8254964280478,
              36.010402148368804
            ],
            [
              128.82723526544817,
              36.02023647478846
            ],
            [
              128.83988074589544,
              36.01840539361058
            ],
            [
              128.84161958329577,
              36.02823872139258
            ],
            [
              128.8795560246377,
              36.02274590808188
            ],
            [
              128.88129486203806,
              36.03257869417819
            ],
            [
              128.91923130337997,
              36.02708618346427
            ],
            [
              128.92097014078033,
              36.03691842784832
            ],
            [
              128.9336156212276,
              36.0350877343678
            ],
            [
              128.93535445862796,
              36.04491897992583
            ],
            [
              128.94799993907526,
              36.0430884724374
            ],
            [
              128.95147761387594,
              36.06274773812277
            ],
            [
              128.96412309432324,
              36.06091764523514
            ],
            [
              128.9658619317236,
              36.07074566516174
            ],
            [
              128.9785074121709,
              36.068915758320344
            ],
            [
              128.98024624957125,
              36.078742779040056
            ],
            [
              128.99289173001853,
              36.076913058261646
            ],
            [
              128.9946305674189,
              36.08673907968461
            ],
            [
              129.00727604786618,
              36.084909544985905
            ],
            [
              129.00901488526654,
              36.094734567022385
            ],
            [
              128.99636940481923,
              36.096563873042236
            ],
            [
              128.99810824221956,
              36.10638743819916
            ],
            [
              128.98546276177228,
              36.10821647292698
            ],
            [
              128.98894043657296,
              36.1278594606052
            ],
            [
              129.00158591702026,
              36.12603088337027
            ],
            [
              129.01897429102368,
              36.224174371375334
            ],
            [
              129.031619771471,
              36.22234804046208
            ],
            [
              129.0611800072768,
              36.38891352370416
            ],
            [
              129.04853452682949,
              36.39073595777881
            ],
            [
              129.05027336422984,
              36.40052261476941
            ],
            [
              129.03762788378253,
              36.40234477667213
            ],
            [
              129.04284439598354,
              36.43169666472372
            ],
            [
              129.03019891553623,
              36.433518095389374
            ],
            [
              129.0336765903369,
              36.45307939818873
            ],
            [
              129.02103110988963,
              36.45490032697652
            ],
            [
              129.03494180909235,
              36.533094369743786
            ],
            [
              129.04758728953968,
              36.53127527846416
            ],
            [
              129.05280380174068,
              36.56057837535584
            ],
            [
              129.065449282188,
              36.55875993073704
            ],
            [
              129.0689269569887,
              36.57828961648311
            ],
            [
              129.0562814765414,
              36.580107601351784
            ],
            [
              129.05975915134206,
              36.599631888611675
            ],
            [
              129.0471136708948,
              36.60144937081846
            ],
            [
              129.05059134569544,
              36.62096825837625
            ],
            [
              129.03794586524813,
              36.62278523780807
            ],
            [
              129.0396847026485,
              36.63254259881262
            ],
            [
              129.02703922220118,
              36.6343593053987
            ],
            [
              129.0322557344022,
              36.663623285514454
            ],
            [
              129.0449012148495,
              36.661807269124765
            ],
            [
              129.05011772705055,
              36.69106081773472
            ],
            [
              129.06276320749782,
              36.68924544889466
            ],
            [
              129.06450204489818,
              36.698994389866186
            ],
            [
              129.07714752534548,
              36.69717920834291
            ],
            [
              129.07888636274583,
              36.70692714328745
            ],
            [
              129.09153184319314,
              36.70511214909643
            ],
            [
              129.09500951799384,
              36.72460477033728
            ],
            [
              129.12030047888842,
              36.72097557424911
            ],
            [
              129.12377815368913,
              36.74046417034892
            ],
            [
              129.1111326732418,
              36.7422783292974
            ],
            [
              129.11287151064215,
              36.75202054197423
            ],
            [
              129.10022603019485,
              36.75383442773696
            ],
            [
              129.10196486759517,
              36.763575173181216
            ],
            [
              129.08931938714787,
              36.76538878572556
            ],
            [
              129.09105822454822,
              36.77512806376213
            ],
            [
              129.07841274410092,
              36.7769414030555
            ],
            [
              129.0766739067006,
              36.76720235537891
            ],
            [
              129.01344650446404,
              36.77626956025257
            ],
            [
              129.01170766706372,
              36.76653042722639
            ],
            [
              128.9737712257218,
              36.771970926508224
            ],
            [
              128.97203238832145,
              36.76223124742381
            ],
            [
              128.94674142742684,
              36.76585849318606
            ],
            [
              128.94500259002652,
              36.7561180377297
            ],
            [
              128.9323571095792,
              36.75793182661235
            ],
            [
              128.93061827217883,
              36.74819036451398
            ],
            [
              128.90532731128422,
              36.75181827425785
            ],
            [
              128.9035884738839,
              36.74207603590013
            ],
            [
              128.8909429934366,
              36.7438901567495
            ],
            [
              128.88920415603624,
              36.73414691189592
            ],
            [
              128.8765586755889,
              36.735961220149434
            ],
            [
              128.8748198381886,
              36.72621696888261
            ],
            [
              128.8621743577413,
              36.728031464524896
            ],
            [
              128.86043552034096,
              36.71828620692754
            ],
            [
              128.84779003989362,
              36.72010088994317
            ],
            [
              128.8460512024933,
              36.710354626098095
            ],
            [
              128.83340572204602,
              36.712169496471645
            ],
            [
              128.83166688464567,
              36.70242222646172
            ],
            [
              128.80637592375103,
              36.70605229902994
            ],
            [
              128.8046370863507,
              36.69630425312902
            ],
            [
              128.79199160590338,
              36.69811945531177
            ],
            [
              128.79025276850305,
              36.68837040339303
            ],
            [
              128.75231632716114,
              36.69381644331306
            ],
            [
              128.75057748976081,
              36.68406684577832
            ],
            [
              128.72528652886618,
              36.68769778509986
            ],
            [
              128.72702536626653,
              36.69744692229849
            ],
            [
              128.71437988581923,
              36.69926209750041
            ],
            [
              128.71611872321955,
              36.70900976829673
            ],
            [
              128.70347324277228,
              36.71082467043474
            ],
            [
              128.7052120801726,
              36.72057087465239
            ],
            [
              128.679921119278,
              36.72420008986306
            ],
            [
              128.68165995667835,
              36.73394459706839
            ],
            [
              128.61843255444182,
              36.743015733455515
            ],
            [
              128.61669371704147,
              36.73327237760296
            ],
            [
              128.60404823659414,
              36.73508670652389
            ],
            [
              128.6023093991938,
              36.72534234426722
            ],
            [
              128.57701843829923,
              36.72897133400917
            ],
            [
              128.57527960089885,
              36.71922619567678
            ],
            [
              128.56263412045155,
              36.72104085648591
            ],
            [
              128.56089528305122,
              36.71129471189597
            ],
            [
              128.54824980260392,
              36.71310956006485
            ],
            [
              128.54651096520357,
              36.70336240930025
            ],
            [
              128.53386548475626,
              36.70517744481345
            ],
            [
              128.53212664735594,
              36.69542928795715
            ],
            [
              128.5194811669086,
              36.697244510799194
            ],
            [
              128.51774232950828,
              36.68749534793424
            ],
            [
              128.49245136861367,
              36.691126125387925
            ],
            [
              128.49071253121332,
              36.681376186752516
            ],
            [
              128.4527760898714,
              36.68682272198747
            ],
            [
              128.45103725247105,
              36.677072237775825
            ],
            [
              128.43839177202375,
              36.67888789395887
            ],
            [
              128.43665293462342,
              36.66913640393104
            ],
            [
              128.3228436105977,
              36.68547745244509
            ],
            [
              128.324582447998,
              36.69522687114558
            ],
            [
              128.2992914871034,
              36.69885728352768
            ],
            [
              128.30103032450373,
              36.70860500566279
            ],
            [
              128.28838484405642,
              36.710419917360774
            ],
            [
              128.2918625188571,
              36.72991119198963
            ],
            [
              128.27921703840983,
              36.731725600339786
            ],
            [
              128.28443355061083,
              36.76095254641514
            ],
            [
              128.27178807016352,
              36.76276622098004
            ],
            [
              128.2752657449642,
              36.78224420609001
            ],
            [
              128.26262026451693,
              36.78405737703447
            ],
            [
              128.26609793931758,
              36.80352995216103
            ],
            [
              128.25345245887027,
              36.80534261937465
            ],
            [
              128.25519129627062,
              36.81507682020797
            ],
            [
              128.1540274526922,
              36.8295747693818
            ],
            [
              128.15228861529184,
              36.81984241230553
            ],
            [
              128.13964313484453,
              36.82165469331265
            ],
            [
              128.1431208096452,
              36.841117708573
            ],
            [
              128.15576629009254,
              36.83930588856661
            ],
            [
              128.15750512749287,
              36.849035769736716
            ],
            [
              128.17015060794017,
              36.84722413733726
            ],
            [
              128.1718894453405,
              36.85695301092304
            ],
            [
              128.18453492578783,
              36.855141566145676
            ],
            [
              128.18975143798883,
              36.884321448770095
            ],
            [
              128.17710595754156,
              36.88613220176289
            ],
            [
              128.17884479494188,
              36.895856121661645
            ],
            [
              128.11561739270536,
              36.90490808918295
            ],
            [
              128.113878555305,
              36.89518532255014
            ],
            [
              128.10123307485773,
              36.89699581786674
            ],
            [
              128.09949423745738,
              36.88727204315762
            ],
            [
              128.08684875701005,
              36.8890827261728
            ],
            [
              128.08510991960972,
              36.87935794346835
            ],
            [
              128.07246443916242,
              36.88116881416702
            ],
            [
              128.0707256017621,
              36.871443023548316
            ],
            [
              128.05808012131476,
              36.87325408191539
            ],
            [
              128.05634128391443,
              36.863527283463554
            ],
            [
              128.0310503230198,
              36.867149732569274
            ],
            [
              128.02931148561947,
              36.85742215693868
            ],
            [
              128.00402052472487,
              36.86104489546035
            ]
          ]
        ]
      },
      "properties": {
        "name": "尙州",
        "native_name": "상주",
        "year": 757,
        "source_map_label": "尙州",
        "source_label_pixel": [
          540,
          548
        ],
        "map_year": 757,
        "date_precision": "reference_year",
        "boundary_basis": "digitized_published_map"
      }
    },
    {
      "type": "Feature",
      "id": "silla-5",
      "geometry": {
        "type": "MultiPolygon",
        "coordinates": [
          [
            [
              [
                126.05013480488337,
                37.0309832711183
              ],
              [
                126.06278028533069,
                37.02917595922516
              ],
              [
                126.06451912273101,
                37.038881628593096
              ],
              [
                126.0771646031783,
                37.0370745046666
              ],
              [
                126.08759762758037,
                37.09528385227695
              ],
              [
                126.04966118623845,
                37.100700936040774
              ],
              [
                126.04792234883813,
                37.09100317375221
              ],
              [
                126.03527686839081,
                37.09280901338672
              ],
              [
                126.03353803099046,
                37.083110241042554
              ],
              [
                126.04618351143776,
                37.081304170311725
              ],
              [
                126.04444467403744,
                37.0716039258384
              ],
              [
                126.05709015448473,
                37.06979758100937
              ],
              [
                126.05013480488337,
                37.0309832711183
              ]
            ]
          ],
          [
            [
              [
                128.8757536612644,
                34.96749329150745
              ],
              [
                128.92633558305366,
                34.96007211096215
              ],
              [
                128.92807442045398,
                34.970035824613774
              ],
              [
                129.06717470537436,
                34.94962659414075
              ],
              [
                129.06369703057365,
                34.92969299268378
              ],
              [
                129.07634251102095,
                34.92783690498688
              ],
              [
                129.07112599881992,
                34.89792674340137
              ],
              [
                129.09641695971456,
                34.89421308928433
              ],
              [
                129.09815579711488,
                34.90418480483797
              ],
              [
                129.1108012775622,
                34.90232814024316
              ],
              [
                129.1125401149625,
                34.91229887052566
              ],
              [
                129.16312203675176,
                34.90487269414363
              ],
              [
                129.1648608741521,
                34.914843115443496
              ],
              [
                129.19015183504672,
                34.91113022628301
              ],
              [
                129.19189067244707,
                34.9210998876534
              ],
              [
                129.20453615289435,
                34.91924360557214
              ],
              [
                129.2062749902947,
                34.929212281457595
              ],
              [
                129.218920470742,
                34.92735618288544
              ],
              [
                129.22065930814236,
                34.937323873183516
              ],
              [
                129.23330478858966,
                34.935467958139526
              ],
              [
                129.2385213007907,
                34.9653644377245
              ],
              [
                129.251166781238,
                34.96350915739656
              ],
              [
                129.25290561863832,
                34.97347245308395
              ],
              [
                129.27819657953293,
                34.96976221764038
              ],
              [
                129.27993541693328,
                34.97972475282846
              ],
              [
                129.2925808973806,
                34.977869797727465
              ],
              [
                129.29953624698194,
                35.01770872087058
              ],
              [
                129.31218172742925,
                35.01585462657777
              ],
              [
                129.31392056482963,
                35.02581155233165
              ],
              [
                129.3265660452769,
                35.023957641773976
              ],
              [
                129.32830488267723,
                35.03391358072705
              ],
              [
                129.34095036312456,
                35.03205985392338
              ],
              [
                129.34268920052492,
                35.0420148059744
              ],
              [
                129.3553346809722,
                35.04016126294357
              ],
              [
                129.36402886797393,
                35.089918956913294
              ],
              [
                129.35138338752662,
                35.091771370424986
              ],
              [
                129.35659989972763,
                35.12161074697275
              ],
              [
                129.36924538017493,
                35.119759011512144
              ],
              [
                129.37098421757528,
                35.12970326850372
              ],
              [
                129.3962751784699,
                35.12600012343778
              ],
              [
                129.39975285327057,
                35.145885899131954
              ],
              [
                129.42504381416518,
                35.142183490073045
              ],
              [
                129.42678265156553,
                35.15212500862127
              ],
              [
                129.43942813201284,
                35.15027396706684
              ],
              [
                129.44464464421384,
                35.180091913489996
              ],
              [
                129.45729012466117,
                35.17824150837499
              ],
              [
                129.46076779946185,
                35.1981145173092
              ],
              [
                129.47341327990915,
                35.19626452256598
              ],
              [
                129.4751521173095,
                35.20619943055749
              ],
              [
                129.4877975977568,
                35.204349619965924
              ],
              [
                129.48953643515713,
                35.21428353892073
              ],
              [
                129.50218191560444,
                35.21243391249932
              ],
              [
                129.50565959040514,
                35.23229855654425
              ],
              [
                129.4930141099578,
                35.234147730268184
              ],
              [
                129.49475294735817,
                35.2440780023615
              ],
              [
                129.48210746691086,
                35.2459269075374
              ],
              [
                129.48384630431121,
                35.25585573728766
              ],
              [
                129.47120082386388,
                35.25770437387642
              ],
              [
                129.47641733606494,
                35.28748288649899
              ],
              [
                129.4637718556176,
                35.28933080145516
              ],
              [
                129.46724953041831,
                35.309176607479706
              ],
              [
                129.45460404997098,
                35.31102402712745
              ],
              [
                129.46155939957237,
                35.350700128660485
              ],
              [
                129.47420488001967,
                35.34885361559848
              ],
              [
                129.47594371742002,
                35.35876982427949
              ],
              [
                129.51388015876194,
                35.353230711941094
              ],
              [
                129.51214132136158,
                35.343313823145124
              ],
              [
                129.52478680180892,
                35.3414671412414
              ],
              [
                129.52304796440856,
                35.33154880837343
              ],
              [
                129.54833892530317,
                35.32785486462369
              ],
              [
                129.54660008790282,
                35.31793486126223
              ],
              [
                129.55924556835012,
                35.31608759946105
              ],
              [
                129.56098440575047,
                35.326007829446816
              ],
              [
                129.57362988619778,
                35.3241607520699
              ],
              [
                129.5840629105998,
                35.38365792702338
              ],
              [
                129.57141743015254,
                35.38550364410755
              ],
              [
                129.5748951049532,
                35.405325839644604
              ],
              [
                129.5622496245059,
                35.407171060837626
              ],
              [
                129.56920497410727,
                35.446799923186475
              ],
              [
                129.55655949365996,
                35.44864419446904
              ],
              [
                129.56351484326134,
                35.488252645709366
              ],
              [
                129.57616032370865,
                35.48640928253028
              ],
              [
                129.58311567331,
                35.525999129546705
              ],
              [
                129.57047019286267,
                35.52784158418937
              ],
              [
                129.59133624166682,
                35.64649123049132
              ],
              [
                129.60398172211413,
                35.64465150403608
              ],
              [
                129.60745939691478,
                35.6644098009166
              ],
              [
                129.65804131870402,
                35.657052291668755
              ],
              [
                129.65630248130367,
                35.64717284406602
              ],
              [
                129.668947961751,
                35.645333133306366
              ],
              [
                129.67068679915133,
                35.655212808433326
              ],
              [
                129.6833322795986,
                35.65337328283035
              ],
              [
                129.68507111699896,
                35.66325196352556
              ],
              [
                129.6977165974463,
                35.66141262309685
              ],
              [
                129.6994554348466,
                35.671290309265935
              ],
              [
                129.71210091529392,
                35.66945115402906
              ],
              [
                129.72427277709633,
                35.73856232107578
              ],
              [
                129.711627296649,
                35.74039988263516
              ],
              [
                129.7029331096473,
                35.69104201483379
              ],
              [
                129.63970570741077,
                35.70023487919629
              ],
              [
                129.64144454481112,
                35.71010776002768
              ],
              [
                129.6287990643638,
                35.71194597806243
              ],
              [
                129.6409709261662,
                35.78102030404181
              ],
              [
                129.6536164066135,
                35.779183680443346
              ],
              [
                129.65535524401386,
                35.78904677518069
              ],
              [
                129.66800072446117,
                35.78721033702968
              ],
              [
                129.66941885869002,
                35.795253607700566
              ],
              [
                129.65727062686557,
                35.7976399927563
              ],
              [
                129.62001172213746,
                35.90535922361636
              ],
              [
                129.59860957273378,
                35.908462695896596
              ],
              [
                129.58991538573207,
                35.859209167202245
              ],
              [
                129.57726990528477,
                35.86104394028494
              ],
              [
                129.57553106788444,
                35.85118978738663
              ],
              [
                129.5502401069898,
                35.85485966229093
              ],
              [
                129.54850126958948,
                35.84500474071206
              ],
              [
                129.49791934780023,
                35.852344893167086
              ],
              [
                129.4996581852006,
                35.86219890249556
              ],
              [
                129.48701270475328,
                35.864033606373994
              ],
              [
                129.49396805435467,
                35.90343648041751
              ],
              [
                129.51925901524928,
                35.89976885528623
              ],
              [
                129.5209978526496,
                35.90961696676325
              ],
              [
                129.5336433330969,
                35.907783318658936
              ],
              [
                129.53885984529794,
                35.937320983673054
              ],
              [
                129.5262143648506,
                35.939153947040026
              ],
              [
                129.53490855185234,
                35.98835772537665
              ],
              [
                129.52226307140504,
                35.99018950447029
              ],
              [
                129.5240019088054,
                36.000026352151146
              ],
              [
                129.49871094791075,
                36.00368932586694
              ],
              [
                129.50566629751214,
                36.04302261857498
              ],
              [
                129.49302081706483,
                36.04485312759446
              ],
              [
                129.4964984918655,
                36.064511952558824
              ],
              [
                129.4838530114182,
                36.06634196184273
              ],
              [
                129.49602487322062,
                36.13510756679491
              ],
              [
                129.48337939277332,
                36.13693593256264
              ],
              [
                129.492073579775,
                36.18601621832549
              ],
              [
                129.50471906022233,
                36.18418899684425
              ],
              [
                129.51341324722404,
                36.23323969186188
              ],
              [
                129.52605872767134,
                36.231413572642026
              ],
              [
                129.529536402472,
                36.2510256992286
              ],
              [
                129.54218188291932,
                36.24919999548048
              ],
              [
                129.54565955772,
                36.26880765904566
              ],
              [
                129.5330140772727,
                36.27063290457594
              ],
              [
                129.53475291467305,
                36.28043466145334
              ],
              [
                129.52210743422575,
                36.28225963516747
              ],
              [
                129.5238462716261,
                36.29205993216235
              ],
              [
                129.51120079117877,
                36.29388463402569
              ],
              [
                129.51293962857912,
                36.303683470952116
              ],
              [
                129.5002941481318,
                36.30550790093007
              ],
              [
                129.4876486676845,
                36.30733228822608
              ],
              [
                129.48590983028419,
                36.29753390972201
              ],
              [
                129.47326434983685,
                36.29935848355327
              ],
              [
                129.46978667503618,
                36.27975849222581
              ],
              [
                129.45714119458887,
                36.28158348174949
              ],
              [
                129.45192468238784,
                36.25217495222519
              ],
              [
                129.43927920194054,
                36.254000586464336
              ],
              [
                129.4375403645402,
                36.2441955115413
              ],
              [
                129.42489488409288,
                36.24602133220658
              ],
              [
                129.42315604669255,
                36.23621525612543
              ],
              [
                129.41051056624525,
                36.23804126320045
              ],
              [
                129.4087717288449,
                36.22823418604922
              ],
              [
                129.3961262483976,
                36.23006037951759
              ],
              [
                129.39438741099724,
                36.22025230138437
              ],
              [
                129.36909645010263,
                36.22390501843216
              ],
              [
                129.36735761270228,
                36.214096168408474
              ],
              [
                129.354712132255,
                36.21592269197523
              ],
              [
                129.35297329485465,
                36.206112841125844
              ],
              [
                129.32768233396004,
                36.209766218318805
              ],
              [
                129.32594349655972,
                36.199955595699585
              ],
              [
                129.30065253566508,
                36.2036092602934
              ],
              [
                129.29891369826473,
                36.19379786595693
              ],
              [
                129.27362273737012,
                36.197451817931984
              ],
              [
                129.2718838999698,
                36.18763965193089
              ],
              [
                129.2592384195225,
                36.18946679291297
              ],
              [
                129.25749958212214,
                36.17965362637924
              ],
              [
                129.24485410167483,
                36.181480953654535
              ],
              [
                129.24137642687415,
                36.161851390468435
              ],
              [
                129.22873094642682,
                36.16367913289585
              ],
              [
                129.2269921090265,
                36.15386273644134
              ],
              [
                129.21434662857922,
                36.155690665108615
              ],
              [
                129.21260779117887,
                36.145873268496906
              ],
              [
                129.19996231073154,
                36.14770138338745
              ],
              [
                129.19648463593086,
                36.12806336125923
              ],
              [
                129.18383915548358,
                36.12989189114578
              ],
              [
                129.18210031808323,
                36.120071265827946
              ],
              [
                129.1694548376359,
                36.12189998188419
              ],
              [
                129.16597716283522,
                36.10225550327392
              ],
              [
                129.15333168238791,
                36.104084634206515
              ],
              [
                129.14985400758724,
                36.08443569985127
              ],
              [
                129.13720852713993,
                36.086265245577415
              ],
              [
                129.1319920149389,
                36.056783320013444
              ],
              [
                129.1193465344916,
                36.05861350905674
              ],
              [
                129.11760769709127,
                36.048783973632155
              ],
              [
                129.10496221664394,
                36.050614348696286
              ],
              [
                129.10670105404432,
                36.06044365553488
              ],
              [
                129.08141009314969,
                36.06410382079221
              ],
              [
                129.08314893055,
                36.073931442691794
              ],
              [
                129.04521248920813,
                36.079420685426875
              ],
              [
                129.04347365180777,
                36.06959374941763
              ],
              [
                129.01818269091314,
                36.07325348898397
              ],
              [
                129.0199215283135,
                36.08307996770947
              ],
              [
                129.00727604786618,
                36.084909544985905
              ],
              [
                128.9946305674189,
                36.08673907968461
              ],
              [
                128.99289173001853,
                36.076913058261646
              ],
              [
                128.98024624957125,
                36.078742779040056
              ],
              [
                128.9785074121709,
                36.068915758320344
              ],
              [
                128.9658619317236,
                36.07074566516174
              ],
              [
                128.96412309432324,
                36.06091764523514
              ],
              [
                128.95147761387594,
                36.06274773812277
              ],
              [
                128.94799993907526,
                36.0430884724374
              ],
              [
                128.93535445862796,
                36.04491897992583
              ],
              [
                128.9336156212276,
                36.0350877343678
              ],
              [
                128.92097014078033,
                36.03691842784832
              ],
              [
                128.91923130337997,
                36.02708618346427
              ],
              [
                128.88129486203806,
                36.03257869417819
              ],
              [
                128.8795560246377,
                36.02274590808188
              ],
              [
                128.84161958329577,
                36.02823872139258
              ],
              [
                128.83988074589544,
                36.01840539361058
              ],
              [
                128.82723526544817,
                36.02023647478846
              ],
              [
                128.8254964280478,
                36.010402148368804
              ],
              [
                128.80020546715318,
                36.014064640062124
              ],
              [
                128.79846662975285,
                36.00422954356148
              ],
              [
                128.78582114930555,
                36.00606095406392
              ],
              [
                128.77364928750313,
                35.93718253097853
              ],
              [
                128.76100380705586,
                35.939015497556234
              ],
              [
                128.7592649696555,
                35.92917104605214
              ],
              [
                128.7213285283136,
                35.9346703755791
              ],
              [
                128.71958969091327,
                35.92482538296534
              ],
              [
                128.6437168082294,
                35.93582426401039
              ],
              [
                128.64545564562977,
                35.94566788696495
              ],
              [
                128.63281016518243,
                35.94750065674708
              ],
              [
                128.62759365298143,
                35.91796679492042
              ],
              [
                128.6149481725341,
                35.91980020700808
              ],
              [
                128.60451514813207,
                35.860700761662635
              ],
              [
                128.61716062857937,
                35.85886598063643
              ],
              [
                128.61368295377866,
                35.839155908644635
              ],
              [
                128.626328434226,
                35.837320629053885
              ],
              [
                128.62458959682567,
                35.82746352806931
              ],
              [
                128.63723507727295,
                35.82562797801647
              ],
              [
                128.63549623987262,
                35.8157694246127
              ],
              [
                128.64814172031993,
                35.813933604134384
              ],
              [
                128.64640288291957,
                35.80407359850812
              ],
              [
                128.65904836336688,
                35.80223750764098
              ],
              [
                128.65730952596653,
                35.792376049989265
              ],
              [
                128.66995500641383,
                35.790539688770004
              ],
              [
                128.66126081941215,
                35.74121290501479
              ],
              [
                128.71184274120137,
                35.7338624793815
              ],
              [
                128.710103903801,
                35.72399254145925
              ],
              [
                128.72274938424832,
                35.72215460130193
              ],
              [
                128.71579403464693,
                35.68266171070782
              ],
              [
                128.70314855419966,
                35.68450056152102
              ],
              [
                128.7014097167993,
                35.67462451018285
              ],
              [
                128.6761187559047,
                35.6783025398724
              ],
              [
                128.67437991850434,
                35.66842572143447
              ],
              [
                128.66173443805707,
                35.6702649002973
              ],
              [
                128.6599956006567,
                35.66038708725099
              ],
              [
                128.67264108110402,
                35.65854768082844
              ],
              [
                128.67090224370367,
                35.64866841819672
              ],
              [
                128.68354772415097,
                35.6468287418767
              ],
              [
                128.68007004935032,
                35.62706609612988
              ],
              [
                128.667424568903,
                35.628906227426654
              ],
              [
                128.6639468941023,
                35.60913915026684
              ],
              [
                128.651301413655,
                35.61097969408945
              ],
              [
                128.64956257625465,
                35.60109455087123
              ],
              [
                128.61162613491274,
                35.60661661049322
              ],
              [
                128.6133649723131,
                35.61650107148136
              ],
              [
                128.60071949186576,
                35.61834144591695
              ],
              [
                128.6024583292661,
                35.62822445804059
              ],
              [
                128.5771673683715,
                35.63190462495553
              ],
              [
                128.57890620577186,
                35.641785960530186
              ],
              [
                128.56626072532455,
                35.643625752966194
              ],
              [
                128.56973840012523,
                35.66338430356576
              ],
              [
                128.55709291967793,
                35.66522359857422
              ],
              [
                128.5605705944786,
                35.6849768056203
              ],
              [
                128.5479251140313,
                35.68681560307445
              ],
              [
                128.54966395143165,
                35.69669014542841
              ],
              [
                128.52437299053702,
                35.70036715790993
              ],
              [
                128.5226341531367,
                35.690493070831856
              ],
              [
                128.5099886726894,
                35.692331741133266
              ],
              [
                128.50824983528904,
                35.682456659188354
              ],
              [
                128.48295887439443,
                35.68613432788457
              ],
              [
                128.48122003699407,
                35.67625847876917
              ],
              [
                128.4559290760995,
                35.679936433152776
              ],
              [
                128.45419023869914,
                35.67005981692285
              ],
              [
                128.4415447582518,
                35.67189895813587
              ],
              [
                128.43806708345113,
                35.65214251434516
              ],
              [
                128.45071256389843,
                35.65030291803045
              ],
              [
                128.44723488909779,
                35.63054113151135
              ],
              [
                128.45988036954506,
                35.62870103784598
              ],
              [
                128.45814153214474,
                35.61881808463043
              ],
              [
                128.470787012592,
                35.6169777211629
              ],
              [
                128.4690481751917,
                35.60709331907464
              ],
              [
                128.60814846011203,
                35.58684402483654
              ],
              [
                128.6064096227117,
                35.57695590045502
              ],
              [
                128.619055103159,
                35.575114574171586
              ],
              [
                128.613838590958,
                35.54544219469625
              ],
              [
                128.60119311051068,
                35.5472842028233
              ],
              [
                128.59597659830968,
                35.51760152148836
              ],
              [
                128.58333111786234,
                35.519444168918916
              ],
              [
                128.5642039064586,
                35.41051625941183
              ],
              [
                128.5768493869059,
                35.40867111480218
              ],
              [
                128.57511054950555,
                35.39876103738491
              ],
              [
                128.58775602995286,
                35.39691562368461
              ],
              [
                128.58601719255253,
                35.3870041012184
              ],
              [
                128.5986626729998,
                35.385158418465906
              ],
              [
                128.59692383559948,
                35.37524545115746
              ],
              [
                128.6095693160468,
                35.3733994993913
              ],
              [
                128.60783047864643,
                35.36348508744757
              ],
              [
                128.62047595909377,
                35.361638866706286
              ],
              [
                128.61873712169339,
                35.35172301033453
              ],
              [
                128.63138260214072,
                35.34987652065674
              ],
              [
                128.6296437647404,
                35.339959220064465
              ],
              [
                128.6422892451877,
                35.33811246148884
              ],
              [
                128.64055040778734,
                35.32819371688383
              ],
              [
                128.71642329047117,
                35.317110919291
              ],
              [
                128.71468445307084,
                35.30718959783205
              ],
              [
                128.72732993351815,
                35.3053420906158
              ],
              [
                128.7255910961178,
                35.295419325724225
              ],
              [
                128.7382365765651,
                35.29357154975696
              ],
              [
                128.7295423895634,
                35.24393834553332
              ],
              [
                128.74218787001072,
                35.242089395015626
              ],
              [
                128.7352325204093,
                35.20236003883795
              ],
              [
                128.74787800085662,
                35.20051014079121
              ],
              [
                128.7461391634563,
                35.19057453687166
              ],
              [
                128.7587846439036,
                35.188724370422015
              ],
              [
                128.75704580650324,
                35.17878732514952
              ],
              [
                128.76969128695058,
                35.17693689033634
              ],
              [
                128.7679524495502,
                35.16699840392244
              ],
              [
                128.78059792999753,
                35.16514770078515
              ],
              [
                128.77712025519682,
                35.14526663152106
              ],
              [
                128.78976573564415,
                35.14341543395872
              ],
              [
                128.7793327112421,
                35.08374172852668
              ],
              [
                128.7919781916894,
                35.08188913264027
              ],
              [
                128.79023935428904,
                35.07193904103361
              ],
              [
                128.80288483473635,
                35.07008617714256
              ],
              [
                128.801145997336,
                35.06013464632317
              ],
              [
                128.83908243867793,
                35.054575124577504
              ],
              [
                128.83734360127758,
                35.0446217030348
              ],
              [
                128.84998908172489,
                35.04276821914821
              ],
              [
                128.84303373212356,
                35.00294150246893
              ],
              [
                128.85567921257083,
                35.00108707341854
              ],
              [
                128.85394037517048,
                34.9911271375344
              ],
              [
                128.86658585561779,
                34.98927244075328
              ],
              [
                128.86310818081714,
                34.96934848161798
              ],
              [
                128.8757536612644,
                34.96749329150745
              ]
            ]
          ],
          [
            [
              [
                125.96397112076276,
                35.07783063987461
              ],
              [
                125.97661660121008,
                35.075977909754776
              ],
              [
                125.97313892640942,
                35.05607507162834
              ],
              [
                125.98578440685671,
                35.05422184763663
              ],
              [
                125.98752324425703,
                35.06417409919616
              ],
              [
                126.05075064649357,
                35.05490847775032
              ],
              [
                126.05248948389391,
                35.06486064561855
              ],
              [
                126.06513496434121,
                35.063007621035474
              ],
              [
                126.06687380174158,
                35.072958801615584
              ],
              [
                126.07951928218887,
                35.07110596087722
              ],
              [
                126.08125811958922,
                35.08105615406834
              ],
              [
                126.09390360003651,
                35.07920349719346
              ],
              [
                126.09738127483719,
                35.099100695024546
              ],
              [
                126.0847357943899,
                35.10095289995449
              ],
              [
                126.08647463179024,
                35.110899452345755
              ],
              [
                126.06118367089563,
                35.11460328391212
              ],
              [
                126.05944483349528,
                35.10465718356636
              ],
              [
                126.04679935304797,
                35.10650926224633
              ],
              [
                126.04506051564763,
                35.096562174094664
              ],
              [
                126.03241503520033,
                35.098414436697
              ],
              [
                126.03067619779999,
                35.088466360839924
              ],
              [
                125.98009427601076,
                35.09587589439966
              ],
              [
                125.97835543861044,
                35.08592750883846
              ],
              [
                125.96570995816312,
                35.08778001300914
              ],
              [
                125.96397112076276,
                35.07783063987461
              ]
            ]
          ],
          [
            [
              [
                126.01660315431094,
                34.48632589549176
              ],
              [
                126.00395767386364,
                34.48819191623801
              ],
              [
                126.00569651126399,
                34.49821267221896
              ],
              [
                125.99305103081667,
                34.500078426987
              ],
              [
                125.99131219341635,
                34.490057895235545
              ],
              [
                125.97866671296903,
                34.491923832483316
              ],
              [
                125.97692787556868,
                34.48190232077751
              ],
              [
                125.989573356016,
                34.480036159324776
              ],
              [
                125.98609568121533,
                34.45998907567324
              ],
              [
                126.01138664210993,
                34.456255730931325
              ],
              [
                126.01660315431094,
                34.48632589549176
              ]
            ]
          ],
          [
            [
              [
                126.94541335781018,
                34.30796233592542
              ],
              [
                126.94715219521053,
                34.31800469947548
              ],
              [
                126.95979767565782,
                34.31613487935189
              ],
              [
                126.96153651305816,
                34.32617626525151
              ],
              [
                126.94889103261087,
                34.328045861666894
              ],
              [
                126.95236870741157,
                34.34812458131535
              ],
              [
                126.93972322696425,
                34.34999368855263
              ],
              [
                126.94146206436457,
                34.36003102187516
              ],
              [
                126.85294370123346,
                34.37311203889404
              ],
              [
                126.8512048638331,
                34.36307627237099
              ],
              [
                126.86385034428042,
                34.36120745685177
              ],
              [
                126.86211150688008,
                34.351170264417185
              ],
              [
                126.87475698732737,
                34.34930118341144
              ],
              [
                126.87301814992705,
                34.33926256529621
              ],
              [
                126.88566363037435,
                34.33739321884698
              ],
              [
                126.883924792974,
                34.327353175282255
              ],
              [
                126.93450671476323,
                34.31987447794641
              ],
              [
                126.93276787736288,
                34.3098323380796
              ],
              [
                126.94541335781018,
                34.30796233592542
              ]
            ]
          ],
          [
            [
              [
                126.90146880415674,
                34.128868571559444
              ],
              [
                126.91016299115844,
                34.179175268584665
              ],
              [
                126.88487203026382,
                34.18292095832684
              ],
              [
                126.88313319286348,
                34.17286246290585
              ],
              [
                126.87048771241618,
                34.174735468682414
              ],
              [
                126.8635323628148,
                34.134490391808555
              ],
              [
                126.87617784326211,
                34.132616493271506
              ],
              [
                126.87443900586177,
                34.122552004712716
              ],
              [
                126.88708448630906,
                34.12067784152306
              ],
              [
                126.88882332370942,
                34.13074255318811
              ],
              [
                126.90146880415674,
                34.128868571559444
              ]
            ]
          ]
        ]
      },
      "properties": {
        "name": "良州",
        "native_name": "양주",
        "year": 757,
        "source_map_label": "良州",
        "source_label_pixel": [
          620,
          626
        ],
        "map_year": 757,
        "date_precision": "reference_year",
        "boundary_basis": "digitized_published_map"
      }
    },
    {
      "type": "Feature",
      "id": "silla-6",
      "geometry": {
        "type": "Polygon",
        "coordinates": [
          [
            [
              127.76517054505379,
              35.88142160762715
            ],
            [
              127.75821519545242,
              35.84200778089697
            ],
            [
              127.74556971500513,
              35.843842952048
            ],
            [
              127.74035320280409,
              35.814270406707905
            ],
            [
              127.72770772235678,
              35.81610621939893
            ],
            [
              127.72075237275543,
              35.77665993168366
            ],
            [
              127.70810689230811,
              35.77849661358324
            ],
            [
              127.70462921750743,
              35.758766582521446
            ],
            [
              127.71727469795474,
              35.7569294449508
            ],
            [
              127.71553586055441,
              35.74706236635761
            ],
            [
              127.7281813410017,
              35.745224958577474
            ],
            [
              127.72296482880068,
              35.71561570036654
            ],
            [
              127.73561030924799,
              35.713777566972475
            ],
            [
              127.73387147184764,
              35.70390514067287
            ],
            [
              127.75916243274226,
              35.70022829134779
            ],
            [
              127.7574235953419,
              35.69035418707495
            ],
            [
              127.78271455623653,
              35.68667671291466
            ],
            [
              127.78097571883617,
              35.67680093093584
            ],
            [
              127.79362119928346,
              35.674961902676614
            ],
            [
              127.78318817488143,
              35.61568018266025
            ],
            [
              127.75789721398682,
              35.61936092696069
            ],
            [
              127.75615837658647,
              35.60947681937688
            ],
            [
              127.73086741569186,
              35.61315784913934
            ],
            [
              127.72912857829151,
              35.60327297504642
            ],
            [
              127.71648309784422,
              35.60511365381936
            ],
            [
              127.71300542304354,
              35.585340696840404
            ],
            [
              127.70035994259622,
              35.58718178802263
            ],
            [
              127.68818808079384,
              35.51793957652259
            ],
            [
              127.67554260034652,
              35.51978221619302
            ],
            [
              127.65989306374347,
              35.430670727346225
            ],
            [
              127.64724758329615,
              35.43251536816209
            ],
            [
              127.6455087458958,
              35.4226082230916
            ],
            [
              127.63286326544848,
              35.42445304857136
            ],
            [
              127.63112442804815,
              35.41454491181132
            ],
            [
              127.61847894760086,
              35.41638992193692
            ],
            [
              127.61674011020051,
              35.40648079358435
            ],
            [
              127.60409462975319,
              35.40832598833773
            ],
            [
              127.59540044275148,
              35.35876320833563
            ],
            [
              127.58275496230418,
              35.36060949483369
            ],
            [
              127.57753845010316,
              35.33085789410288
            ],
            [
              127.56489296965584,
              35.33270481846149
            ],
            [
              127.56141529485515,
              35.31286478488045
            ],
            [
              127.54876981440786,
              35.31471212029384
            ],
            [
              127.54703097700754,
              35.304790504591125
            ],
            [
              127.52174001611291,
              35.30848550202524
            ],
            [
              127.52000117871255,
              35.2985631226283
            ],
            [
              127.49471021781795,
              35.30225840445479
            ],
            [
              127.49297138041763,
              35.292335261422046
            ],
            [
              127.48032589997031,
              35.294183065612366
            ],
            [
              127.47684822516962,
              35.27433358279813
            ],
            [
              127.48949370561694,
              35.272485325574344
            ],
            [
              127.48775486821658,
              35.26255853305678
            ],
            [
              127.50040034866389,
              35.260710007190674
            ],
            [
              127.49866151126353,
              35.250781772033605
            ],
            [
              127.51130699171085,
              35.24893297756425
            ],
            [
              127.50956815431051,
              35.239003299977526
            ],
            [
              127.5222136347578,
              35.23715423694401
            ],
            [
              127.52047479735748,
              35.227223117137775
            ],
            [
              127.53312027780478,
              35.225373785579265
            ],
            [
              127.53138144040443,
              35.215441223763925
            ],
            [
              127.54402692085175,
              35.21359162371962
            ],
            [
              127.54228808345138,
              35.20365762010587
            ],
            [
              127.58022452479332,
              35.19810788822804
            ],
            [
              127.57848568739297,
              35.18817199048841
            ],
            [
              127.59113116784029,
              35.1863217693328
            ],
            [
              127.58939233043995,
              35.176384430283335
            ],
            [
              127.61468329133456,
              35.17268340913999
            ],
            [
              127.61294445393422,
              35.16274440279731
            ],
            [
              127.63823541482883,
              35.159042760799124
            ],
            [
              127.63649657742849,
              35.14910208744689
            ],
            [
              127.64914205787578,
              35.14725097712662
            ],
            [
              127.64740322047545,
              35.13730886316681
            ],
            [
              127.66004870092274,
              35.13545748462188
            ],
            [
              127.6583098635224,
              35.12551393026701
            ],
            [
              127.69624630486432,
              35.11995886379497
            ],
            [
              127.69450746746399,
              35.11001341716092
            ],
            [
              127.71979842835859,
              35.10630937697344
            ],
            [
              127.71805959095826,
              35.096362264430006
            ],
            [
              127.76864151274746,
              35.088952775064975
            ],
            [
              127.76690267534713,
              35.07900354497713
            ],
            [
              127.79219363624173,
              35.07529809593499
            ],
            [
              127.7904547988414,
              35.06534720058738
            ],
            [
              127.82839124018331,
              35.0597880337859
            ],
            [
              127.82665240278298,
              35.04983524759057
            ],
            [
              127.8392978832303,
              35.04798188199829
            ],
            [
              127.83755904582993,
              35.03802765699175
            ],
            [
              127.85020452627725,
              35.0361740235095
            ],
            [
              127.8484656888769,
              35.02621835990655
            ],
            [
              127.8611111693242,
              35.02436445857438
            ],
            [
              127.85763349452353,
              35.00444904217957
            ],
            [
              127.87027897497083,
              35.002594647297904
            ],
            [
              127.86680130017015,
              34.98267393041741
            ],
            [
              127.87944678061746,
              34.9808190421227
            ],
            [
              127.87596910581675,
              34.9608930262239
            ],
            [
              127.88861458626405,
              34.959037644652916
            ],
            [
              127.88687574886373,
              34.94907259363893
            ],
            [
              127.89952122931105,
              34.94721694448061
            ],
            [
              127.89778239191068,
              34.937250456496486
            ],
            [
              127.910427872358,
              34.93539453979124
            ],
            [
              127.90695019755731,
              34.91545747926511
            ],
            [
              127.91959567800463,
              34.91360106956982
            ],
            [
              127.91437916580361,
              34.88368572116128
            ],
            [
              127.9270246462509,
              34.8818285932221
            ],
            [
              127.92528580885056,
              34.87185416404321
            ],
            [
              127.93793128929788,
              34.86999676878149
            ],
            [
              127.94140896409854,
              34.88994486750854
            ],
            [
              127.95405444454585,
              34.88808788102074
            ],
            [
              127.95579328194619,
              34.898060340120686
            ],
            [
              127.9684387623935,
              34.896203537068644
            ],
            [
              127.97017759979383,
              34.906175010974934
            ],
            [
              127.98282308024115,
              34.90431839137777
            ],
            [
              127.9845619176415,
              34.914288879987744
            ],
            [
              128.0351438394307,
              34.90686288360856
            ],
            [
              128.03688267683106,
              34.91683306322801
            ],
            [
              128.04952815727836,
              34.91497668464258
            ],
            [
              128.0547446694794,
              34.94488063391979
            ],
            [
              128.06739014992667,
              34.94302488988414
            ],
            [
              128.06912898732702,
              34.952990676044074
            ],
            [
              128.10706542866893,
              34.947423868625265
            ],
            [
              128.1053265912686,
              34.937457405791996
            ],
            [
              128.1179720717159,
              34.935601493769546
            ],
            [
              128.11449439691523,
              34.91566448353429
            ],
            [
              128.12713987736254,
              34.9138080785205
            ],
            [
              128.11844569036083,
              34.863943237899655
            ],
            [
              128.10580020991353,
              34.86580076990133
            ],
            [
              128.10232253511282,
              34.84584681248936
            ],
            [
              128.11496801556012,
              34.84398882989518
            ],
            [
              128.1132291781598,
              34.8340098111392
            ],
            [
              128.1258746586071,
              34.832151561352944
            ],
            [
              128.12413582120675,
              34.822171107750926
            ],
            [
              128.13678130165408,
              34.82031259081351
            ],
            [
              128.13504246425373,
              34.810330702585325
            ],
            [
              128.14768794470103,
              34.808471918537705
            ],
            [
              128.1494267821014,
              34.818454031944164
            ],
            [
              128.2126541843379,
              34.80916060865386
            ],
            [
              128.21439302173823,
              34.819142638631696
            ],
            [
              128.22703850218554,
              34.81728405336686
            ],
            [
              128.2287773395859,
              34.82726509915365
            ],
            [
              128.2414228200332,
              34.82540669715708
            ],
            [
              128.24316165743355,
              34.83538675864928
            ],
            [
              128.25580713788085,
              34.83352853994025
            ],
            [
              128.25754597528118,
              34.84350761703441
            ],
            [
              128.29548241662312,
              34.83793338499822
            ],
            [
              128.29722125402347,
              34.84791192812467
            ],
            [
              128.32251221491805,
              34.844196014236786
            ],
            [
              128.3242510523184,
              34.85417379808817
            ],
            [
              128.37483297410762,
              34.8467423680572
            ],
            [
              128.37309413670727,
              34.83676368313045
            ],
            [
              128.38573961715457,
              34.83490549549921
            ],
            [
              128.37704543015286,
              34.784992803088215
            ],
            [
              128.3896909106002,
              34.7831334477043
            ],
            [
              128.3879520731998,
              34.77314705694274
            ],
            [
              128.40059755364715,
              34.77128743457757
            ],
            [
              128.3988587162468,
              34.7612996101029
            ],
            [
              128.449440638036,
              34.753859801493334
            ],
            [
              128.44770180063568,
              34.74386986854297
            ],
            [
              128.46034728108296,
              34.742009586665034
            ],
            [
              128.4481754192806,
              34.67204466087233
            ],
            [
              128.4608208997279,
              34.67018276308137
            ],
            [
              128.4573432249272,
              34.65018146878082
            ],
            [
              128.4699887053745,
              34.648319079695746
            ],
            [
              128.46824986797418,
              34.63831639769807
            ],
            [
              128.4935408288688,
              34.63459104467685
            ],
            [
              128.4952796662691,
              34.644594176013356
            ],
            [
              128.52057062716375,
              34.64086910498819
            ],
            [
              128.52752597676508,
              34.68087136022464
            ],
            [
              128.5148804963178,
              34.68273301773576
            ],
            [
              128.52009700851883,
              34.7127213594681
            ],
            [
              128.53274248896614,
              34.71086037645642
            ],
            [
              128.53969783856752,
              34.750828823038326
            ],
            [
              128.55234331901482,
              34.748968697877324
            ],
            [
              128.56277634341686,
              34.80888646543665
            ],
            [
              128.55013086296955,
              34.81074524013397
            ],
            [
              128.5518697003699,
              34.82072707814248
            ],
            [
              128.5392242199226,
              34.82258558572816
            ],
            [
              128.54096305732293,
              34.832565989102825
            ],
            [
              128.52831757687562,
              34.834424229535905
            ],
            [
              128.53701176387733,
              34.88430697267909
            ],
            [
              128.54965724432466,
              34.88244985877869
            ],
            [
              128.551396081725,
              34.89242300218414
            ],
            [
              128.5640415621723,
              34.89056607170619
            ],
            [
              128.56578039957262,
              34.90053822998935
            ],
            [
              128.57842588001995,
              34.89868148295301
            ],
            [
              128.58364239222095,
              34.92859136959796
            ],
            [
              128.6089333531156,
              34.9248791023705
            ],
            [
              128.61241102791624,
              34.94481387368618
            ],
            [
              128.62505650836357,
              34.94295812813961
            ],
            [
              128.62679534576392,
              34.952923922414335
            ],
            [
              128.6520863066585,
              34.94921275644824
            ],
            [
              128.65382514405886,
              34.95917779042302
            ],
            [
              128.66647062450616,
              34.95732237001816
            ],
            [
              128.66820946190649,
              34.96728641802795
            ],
            [
              128.69350042280112,
              34.963575902404905
            ],
            [
              128.69523926020148,
              34.97353918997536
            ],
            [
              128.70788474064875,
              34.97168409477182
            ],
            [
              128.71136241544946,
              34.99160748569995
            ],
            [
              128.76194433723867,
              34.984188489975494
            ],
            [
              128.76020549983832,
              34.97422649780727
            ],
            [
              128.78549646073296,
              34.970516296519044
            ],
            [
              128.78375762333258,
              34.960552641300474
            ],
            [
              128.82169406467452,
              34.954986347448816
            ],
            [
              128.82343290207487,
              34.964950679492176
            ],
            [
              128.8740148238641,
              34.95752926865495
            ],
            [
              128.8757536612644,
              34.96749329150745
            ],
            [
              128.86310818081714,
              34.96934848161798
            ],
            [
              128.86658585561779,
              34.98927244075328
            ],
            [
              128.85394037517048,
              34.9911271375344
            ],
            [
              128.85567921257083,
              35.00108707341854
            ],
            [
              128.84303373212356,
              35.00294150246893
            ],
            [
              128.84998908172489,
              35.04276821914821
            ],
            [
              128.83734360127758,
              35.0446217030348
            ],
            [
              128.83908243867793,
              35.054575124577504
            ],
            [
              128.801145997336,
              35.06013464632317
            ],
            [
              128.80288483473635,
              35.07008617714256
            ],
            [
              128.79023935428904,
              35.07193904103361
            ],
            [
              128.7919781916894,
              35.08188913264027
            ],
            [
              128.7793327112421,
              35.08374172852668
            ],
            [
              128.78976573564415,
              35.14341543395872
            ],
            [
              128.77712025519682,
              35.14526663152106
            ],
            [
              128.78059792999753,
              35.16514770078515
            ],
            [
              128.7679524495502,
              35.16699840392244
            ],
            [
              128.76969128695058,
              35.17693689033634
            ],
            [
              128.75704580650324,
              35.17878732514952
            ],
            [
              128.7587846439036,
              35.188724370422015
            ],
            [
              128.7461391634563,
              35.19057453687166
            ],
            [
              128.74787800085662,
              35.20051014079121
            ],
            [
              128.7352325204093,
              35.20236003883795
            ],
            [
              128.74218787001072,
              35.242089395015626
            ],
            [
              128.7295423895634,
              35.24393834553332
            ],
            [
              128.7382365765651,
              35.29357154975696
            ],
            [
              128.7255910961178,
              35.295419325724225
            ],
            [
              128.72732993351815,
              35.3053420906158
            ],
            [
              128.71468445307084,
              35.30718959783205
            ],
            [
              128.71642329047117,
              35.317110919291
            ],
            [
              128.64055040778734,
              35.32819371688383
            ],
            [
              128.6422892451877,
              35.33811246148884
            ],
            [
              128.6296437647404,
              35.339959220064465
            ],
            [
              128.63138260214072,
              35.34987652065674
            ],
            [
              128.61873712169339,
              35.35172301033453
            ],
            [
              128.62047595909377,
              35.361638866706286
            ],
            [
              128.60783047864643,
              35.36348508744757
            ],
            [
              128.6095693160468,
              35.3733994993913
            ],
            [
              128.59692383559948,
              35.37524545115746
            ],
            [
              128.5986626729998,
              35.385158418465906
            ],
            [
              128.58601719255253,
              35.3870041012184
            ],
            [
              128.58775602995286,
              35.39691562368461
            ],
            [
              128.57511054950555,
              35.39876103738491
            ],
            [
              128.5768493869059,
              35.40867111480218
            ],
            [
              128.5642039064586,
              35.41051625941183
            ],
            [
              128.58333111786234,
              35.519444168918916
            ],
            [
              128.59597659830968,
              35.51760152148836
            ],
            [
              128.60119311051068,
              35.5472842028233
            ],
            [
              128.613838590958,
              35.54544219469625
            ],
            [
              128.619055103159,
              35.575114574171586
            ],
            [
              128.6064096227117,
              35.57695590045502
            ],
            [
              128.60814846011203,
              35.58684402483654
            ],
            [
              128.4690481751917,
              35.60709331907464
            ],
            [
              128.470787012592,
              35.6169777211629
            ],
            [
              128.45814153214474,
              35.61881808463043
            ],
            [
              128.45988036954506,
              35.62870103784598
            ],
            [
              128.44723488909779,
              35.63054113151135
            ],
            [
              128.45071256389843,
              35.65030291803045
            ],
            [
              128.43806708345113,
              35.65214251434516
            ],
            [
              128.4415447582518,
              35.67189895813587
            ],
            [
              128.45419023869914,
              35.67005981692285
            ],
            [
              128.4559290760995,
              35.679936433152776
            ],
            [
              128.48122003699407,
              35.67625847876917
            ],
            [
              128.48295887439443,
              35.68613432788457
            ],
            [
              128.50824983528904,
              35.682456659188354
            ],
            [
              128.5099886726894,
              35.692331741133266
            ],
            [
              128.5226341531367,
              35.690493070831856
            ],
            [
              128.52437299053702,
              35.70036715790993
            ],
            [
              128.54966395143165,
              35.69669014542841
            ],
            [
              128.5479251140313,
              35.68681560307445
            ],
            [
              128.5605705944786,
              35.6849768056203
            ],
            [
              128.55709291967793,
              35.66522359857422
            ],
            [
              128.56973840012523,
              35.66338430356576
            ],
            [
              128.56626072532455,
              35.643625752966194
            ],
            [
              128.57890620577186,
              35.641785960530186
            ],
            [
              128.5771673683715,
              35.63190462495553
            ],
            [
              128.6024583292661,
              35.62822445804059
            ],
            [
              128.60071949186576,
              35.61834144591695
            ],
            [
              128.6133649723131,
              35.61650107148136
            ],
            [
              128.61162613491274,
              35.60661661049322
            ],
            [
              128.64956257625465,
              35.60109455087123
            ],
            [
              128.651301413655,
              35.61097969408945
            ],
            [
              128.6639468941023,
              35.60913915026684
            ],
            [
              128.667424568903,
              35.628906227426654
            ],
            [
              128.68007004935032,
              35.62706609612988
            ],
            [
              128.68354772415097,
              35.6468287418767
            ],
            [
              128.67090224370367,
              35.64866841819672
            ],
            [
              128.67264108110402,
              35.65854768082844
            ],
            [
              128.6599956006567,
              35.66038708725099
            ],
            [
              128.66173443805707,
              35.6702649002973
            ],
            [
              128.67437991850434,
              35.66842572143447
            ],
            [
              128.6761187559047,
              35.6783025398724
            ],
            [
              128.7014097167993,
              35.67462451018285
            ],
            [
              128.70314855419966,
              35.68450056152102
            ],
            [
              128.71579403464693,
              35.68266171070782
            ],
            [
              128.72274938424832,
              35.72215460130193
            ],
            [
              128.710103903801,
              35.72399254145925
            ],
            [
              128.71184274120137,
              35.7338624793815
            ],
            [
              128.66126081941215,
              35.74121290501479
            ],
            [
              128.66995500641383,
              35.790539688770004
            ],
            [
              128.65730952596653,
              35.792376049989265
            ],
            [
              128.65904836336688,
              35.80223750764098
            ],
            [
              128.64640288291957,
              35.80407359850812
            ],
            [
              128.64814172031993,
              35.813933604134384
            ],
            [
              128.63549623987262,
              35.8157694246127
            ],
            [
              128.63723507727295,
              35.82562797801647
            ],
            [
              128.62458959682567,
              35.82746352806931
            ],
            [
              128.626328434226,
              35.837320629053885
            ],
            [
              128.61368295377866,
              35.839155908644635
            ],
            [
              128.61716062857937,
              35.85886598063643
            ],
            [
              128.60451514813207,
              35.860700761662635
            ],
            [
              128.6149481725341,
              35.91980020700808
            ],
            [
              128.62759365298143,
              35.91796679492042
            ],
            [
              128.63281016518243,
              35.94750065674708
            ],
            [
              128.63628783998314,
              35.967183767537755
            ],
            [
              128.64893332043044,
              35.96535145441908
            ],
            [
              128.65241099523112,
              35.985030116349485
            ],
            [
              128.63976551478382,
              35.986861972702364
            ],
            [
              128.64150435218414,
              35.99669923533167
            ],
            [
              128.62885887173687,
              35.99853082072797
            ],
            [
              128.6305977091372,
              36.008366628087764
            ],
            [
              128.61795222868992,
              36.01019794249161
            ],
            [
              128.61969106609024,
              36.02003229438938
            ],
            [
              128.59440010519563,
              36.023694338593
            ],
            [
              128.59266126779528,
              36.01386044367275
            ],
            [
              128.55472482645337,
              36.01935387636493
            ],
            [
              128.55298598905304,
              36.009519439813445
            ],
            [
              128.5150495477111,
              36.01501317505713
            ],
            [
              128.51331071031078,
              36.00517819690103
            ],
            [
              128.50066522986347,
              36.00700958536844
            ],
            [
              128.49718755506277,
              35.98733640525539
            ],
            [
              128.48454207461546,
              35.98916820806234
            ],
            [
              128.48628091201581,
              35.999005183103996
            ],
            [
              128.47363543156848,
              36.00083671494727
            ],
            [
              128.47537426896886,
              36.01067223468134
            ],
            [
              128.45008330807423,
              36.01433471382581
            ],
            [
              128.45182214547458,
              36.024168549567506
            ],
            [
              128.41388570413267,
              36.02966126369748
            ],
            [
              128.41214686673231,
              36.01982811346126
            ],
            [
              128.3868559058377,
              36.02349016715375
            ],
            [
              128.38511706843738,
              36.01365624675438
            ],
            [
              128.34718062709544,
              36.01914969367902
            ],
            [
              128.34544178969512,
              36.00931523164968
            ],
            [
              128.29485986790587,
              36.016640145863235
            ],
            [
              128.29312103050555,
              36.006805370703404
            ],
            [
              128.28047555005824,
              36.00863672137415
            ],
            [
              128.27699787525754,
              35.988963947194186
            ],
            [
              128.28964335570487,
              35.987132139644615
            ],
            [
              128.28790451830454,
              35.97729368401949
            ],
            [
              128.30054999875182,
              35.97546160554279
            ],
            [
              128.29707232395114,
              35.95578055807085
            ],
            [
              128.30971780439845,
              35.95394798036249
            ],
            [
              128.30450129219741,
              35.92441652777744
            ],
            [
              128.2918558117501,
              35.92624979035334
            ],
            [
              128.28837813694943,
              35.906556482476745
            ],
            [
              128.2757326565021,
              35.908390159010835
            ],
            [
              128.27399381910178,
              35.898541894858624
            ],
            [
              128.2613483386545,
              35.90037575709606
            ],
            [
              128.25960950125415,
              35.89052649566941
            ],
            [
              128.2343185403595,
              35.894194549032015
            ],
            [
              128.23257970295919,
              35.88434451857659
            ],
            [
              128.20728874206458,
              35.88801285831888
            ],
            [
              128.2090275794649,
              35.897862432452115
            ],
            [
              128.15844565767568,
              35.90519768943614
            ],
            [
              128.16018449507604,
              35.91504512532921
            ],
            [
              128.12224805373413,
              35.92054543726067
            ],
            [
              128.12398689113445,
              35.93039096274579
            ],
            [
              128.11134141068717,
              35.932224086807125
            ],
            [
              128.1130802480875,
              35.94206815812138
            ],
            [
              128.08778928719286,
              35.94573382215818
            ],
            [
              128.08605044979254,
              35.93589020741647
            ],
            [
              128.03546852800332,
              35.94322193855691
            ],
            [
              128.033729690603,
              35.9333780109461
            ],
            [
              128.02108421015566,
              35.9352110657466
            ],
            [
              128.0193453727553,
              35.925366140463346
            ],
            [
              127.9814089314134,
              35.93086573464003
            ],
            [
              127.98314776881375,
              35.94070997511096
            ],
            [
              127.97050228836645,
              35.942542859883744
            ],
            [
              127.97397996316714,
              35.96222720594114
            ],
            [
              127.96133448271985,
              35.96405959155757
            ],
            [
              127.96307332012017,
              35.97389969678708
            ],
            [
              127.95042783967287,
              35.97573181151715
            ],
            [
              127.95390551447355,
              35.99540788552781
            ],
            [
              127.94126003402626,
              35.99723950091295
            ],
            [
              127.9429988714266,
              36.00707546933856
            ],
            [
              127.90506243008468,
              36.01256937490384
            ],
            [
              127.90680126748501,
              36.02240343091789
            ],
            [
              127.88151030659041,
              36.02606536492464
            ],
            [
              127.87977146919005,
              36.016231765900386
            ],
            [
              127.86712598874277,
              36.01806289758192
            ],
            [
              127.8653871513424,
              36.00822829994456
            ],
            [
              127.8527416708951,
              36.010059617561716
            ],
            [
              127.85100283349476,
              36.00022402140175
            ],
            [
              127.83835735304747,
              36.002055524937674
            ],
            [
              127.83487967824679,
              35.98238110899805
            ],
            [
              127.82223419779947,
              35.98421302685022
            ],
            [
              127.8152788481981,
              35.94485039004854
            ],
            [
              127.80263336775079,
              35.94668317879213
            ],
            [
              127.79393918074908,
              35.897453437905746
            ],
            [
              127.78129370030177,
              35.899287325360675
            ],
            [
              127.77955486290143,
              35.88943792850958
            ],
            [
              127.76690938245413,
              35.89127200164844
            ],
            [
              127.76517054505379,
              35.88142160762715
            ]
          ]
        ]
      },
      "properties": {
        "name": "康州",
        "native_name": "강주",
        "year": 757,
        "source_map_label": "康州",
        "source_label_pixel": [
          539,
          655
        ],
        "map_year": 757,
        "date_precision": "reference_year",
        "boundary_basis": "digitized_published_map"
      }
    },
    {
      "type": "Feature",
      "id": "silla-7",
      "geometry": {
        "type": "Polygon",
        "coordinates": [
          [
            [
              126.74878921571323,
              35.92780607243726
            ],
            [
              126.76143469616055,
              35.92597284594197
            ],
            [
              126.7631735335609,
              35.93581769568239
            ],
            [
              126.77581901400819,
              35.93398465494878
            ],
            [
              126.77929668880887,
              35.9536711329909
            ],
            [
              126.79194216925619,
              35.951838506345325
            ],
            [
              126.79368100665653,
              35.96168013444362
            ],
            [
              126.81897196755112,
              35.958015210268016
            ],
            [
              126.82071080495147,
              35.9678560687435
            ],
            [
              126.83335628539879,
              35.966023771226546
            ],
            [
              126.83509512279912,
              35.975863631657965
            ],
            [
              126.87303156414103,
              35.97036716907445
            ],
            [
              126.8747704015414,
              35.980206488141896
            ],
            [
              126.88741588198869,
              35.97837447727932
            ],
            [
              126.88915471938904,
              35.988212798162444
            ],
            [
              126.90180019983633,
              35.98638097317253
            ],
            [
              126.90353903723668,
              35.996218295780494
            ],
            [
              126.92882999813128,
              35.99255497504557
            ],
            [
              126.93230767293197,
              36.012226853513866
            ],
            [
              126.95759863382659,
              36.008564276430825
            ],
            [
              126.95933747122693,
              36.01839883215139
            ],
            [
              126.98462843212153,
              36.014736541854106
            ],
            [
              126.98984494432257,
              36.04423421690679
            ],
            [
              127.00249042476989,
              36.04240369349799
            ],
            [
              127.00422926217021,
              36.05223402564402
            ],
            [
              126.9915837817229,
              36.05406432048327
            ],
            [
              126.99332261912326,
              36.06389319644565
            ],
            [
              127.01861358001786,
              36.06023302139007
            ],
            [
              127.0203524174182,
              36.07006112683805
            ],
            [
              127.0329978978655,
              36.06823120407167
            ],
            [
              127.03995324746688,
              36.10753226085123
            ],
            [
              127.05259872791419,
              36.10570321019172
            ],
            [
              127.05433756531453,
              36.11552563257778
            ],
            [
              127.0669830457618,
              36.11369676805805
            ],
            [
              127.07046072056252,
              36.133338384840926
            ],
            [
              127.08310620100981,
              36.131509935250634
            ],
            [
              127.08658387581049,
              36.151147094830556
            ],
            [
              127.09922935625781,
              36.14931906025221
            ],
            [
              127.1027070310585,
              36.1689517617439
            ],
            [
              127.1153525115058,
              36.167124142259844
            ],
            [
              127.11709134890614,
              36.17693887817121
            ],
            [
              127.12973682935343,
              36.17511144495446
            ],
            [
              127.13843101635513,
              36.224167827090575
            ],
            [
              127.15107649680245,
              36.22234149602453
            ],
            [
              127.15629300900349,
              36.25176125418719
            ],
            [
              127.16893848945078,
              36.24993556762503
            ],
            [
              127.17067732685113,
              36.25973992231521
            ],
            [
              127.18332280729845,
              36.25791442219096
            ],
            [
              127.18680048209913,
              36.27751989841718
            ],
            [
              127.19944596254642,
              36.27569481388578
            ],
            [
              127.20292363734711,
              36.29529582579113
            ],
            [
              127.22821459824173,
              36.29164644539984
            ],
            [
              127.22995343564207,
              36.30144556346806
            ],
            [
              127.25524439653667,
              36.29779647076775
            ],
            [
              127.25350555913634,
              36.287996894306715
            ],
            [
              127.26615103958362,
              36.286172054749095
            ],
            [
              127.2644122021833,
              36.27637101831374
            ],
            [
              127.27705768263061,
              36.27454590692285
            ],
            [
              127.27531884523025,
              36.26474341069929
            ],
            [
              127.28796432567756,
              36.26291802750984
            ],
            [
              127.28622548827721,
              36.25311407168441
            ],
            [
              127.41268029275027,
              36.23485560270915
            ],
            [
              127.41615796755094,
              36.25446686575886
            ],
            [
              127.42880344799826,
              36.252641242414896
            ],
            [
              127.42706461059794,
              36.242835996921336
            ],
            [
              127.45235557149253,
              36.2391841641154
            ],
            [
              127.45409440889286,
              36.24898986775621
            ],
            [
              127.5173218111294,
              36.23986068465366
            ],
            [
              127.51906064852973,
              36.24966630342336
            ],
            [
              127.58228805076628,
              36.24053719933705
            ],
            [
              127.5840268881666,
              36.25034273323504
            ],
            [
              127.59445991256867,
              36.30915009567221
            ],
            [
              127.60710539301598,
              36.30732575090603
            ],
            [
              127.60884423041631,
              36.31712289916173
            ],
            [
              127.62148971086363,
              36.31529874095077
            ],
            [
              127.62322854826395,
              36.32509488726752
            ],
            [
              127.63587402871127,
              36.323270915628
            ],
            [
              127.63761286611162,
              36.33306605991863
            ],
            [
              127.65025834655891,
              36.33124227486679
            ],
            [
              127.66069137096095,
              36.389988652473384
            ],
            [
              127.64804589051366,
              36.391811061345074
            ],
            [
              127.65847891491572,
              36.450511703549076
            ],
            [
              127.64583343446841,
              36.45233269261707
            ],
            [
              127.66322180847182,
              36.55006614702882
            ],
            [
              127.67586728891914,
              36.54824745502233
            ],
            [
              127.67934496371983,
              36.56777979821037
            ],
            [
              127.69199044416713,
              36.565961523100334
            ],
            [
              127.69720695636815,
              36.595251468353915
            ],
            [
              127.68456147592084,
              36.59706905375071
            ],
            [
              127.6863003133212,
              36.606829669290235
            ],
            [
              127.67365483287388,
              36.608646981915065
            ],
            [
              127.67539367027425,
              36.618406132442665
            ],
            [
              127.66274818982693,
              36.6202231722623
            ],
            [
              127.66448702722725,
              36.629980857599534
            ],
            [
              127.63919606633266,
              36.63361434873058
            ],
            [
              127.64267374113335,
              36.65312509308137
            ],
            [
              127.63002826068603,
              36.654941314286376
            ],
            [
              127.63524477288705,
              36.684197472908636
            ],
            [
              127.62259929243973,
              36.686012960913764
            ],
            [
              127.6243381298401,
              36.69576231172188
            ],
            [
              127.61169264939278,
              36.69757752670077
            ],
            [
              127.61343148679313,
              36.70732541113229
            ],
            [
              127.58814052589854,
              36.71095525210581
            ],
            [
              127.58987936329883,
              36.720701439758415
            ],
            [
              127.57723388285156,
              36.72251606571508
            ],
            [
              127.57897272025188,
              36.73226078661094
            ],
            [
              127.5663272398046,
              36.73407513943774
            ],
            [
              127.56806607720493,
              36.74381839340102
            ],
            [
              127.55542059675764,
              36.74563247306527
            ],
            [
              127.55715943415797,
              36.755374259920416
            ],
            [
              127.53186847326337,
              36.759001829971076
            ],
            [
              127.5336073106637,
              36.76874191920231
            ],
            [
              127.5209618302164,
              36.770555409551
            ],
            [
              127.52270066761675,
              36.78029403129632
            ],
            [
              127.51005518716943,
              36.78210724837948
            ],
            [
              127.51179402456978,
              36.79184440246417
            ],
            [
              127.48650306367516,
              36.79547024713096
            ],
            [
              127.48824190107551,
              36.80520570295354
            ],
            [
              127.47559642062821,
              36.80701833049962
            ],
            [
              127.47733525802853,
              36.8167523182856
            ],
            [
              127.45204429713394,
              36.820376983727314
            ],
            [
              127.45378313453426,
              36.83010927281692
            ],
            [
              127.36526477140315,
              36.84279263646965
            ],
            [
              127.3635259340028,
              36.83306196090087
            ],
            [
              127.33823497310819,
              36.83668585381777
            ],
            [
              127.33649613570783,
              36.82695440131186
            ],
            [
              127.32385065526053,
              36.82876651389273
            ],
            [
              127.32211181786019,
              36.819034054011254
            ],
            [
              127.28417537651828,
              36.82447082571081
            ],
            [
              127.28243653911792,
              36.81473781947633
            ],
            [
              127.24450009777601,
              36.82017489636573
            ],
            [
              127.24276126037567,
              36.81044134380228
            ],
            [
              127.05307905366608,
              36.83762439172097
            ],
            [
              127.05481789106643,
              36.84735448683493
            ],
            [
              127.0168814497245,
              36.85278924598286
            ],
            [
              127.0151426123242,
              36.84305984247414
            ],
            [
              127.00249713187688,
              36.844871573542484
            ],
            [
              126.99380294487517,
              36.79620713990535
            ],
            [
              126.94322102308595,
              36.803458244619534
            ],
            [
              126.94495986048628,
              36.81319268501943
            ],
            [
              126.93231438003899,
              36.81500512348026
            ],
            [
              126.93057554263864,
              36.80527091353055
            ],
            [
              126.91793006219132,
              36.80708353953296
            ],
            [
              126.91445238739064,
              36.78761186784778
            ],
            [
              126.90180690694335,
              36.7894249117892
            ],
            [
              126.900068069543,
              36.779687450236494
            ],
            [
              126.8874225890957,
              36.78150068167019
            ],
            [
              126.88568375169534,
              36.77176221323071
            ],
            [
              126.84774731035343,
              36.77720234127806
            ],
            [
              126.84948614775377,
              36.786940118579324
            ],
            [
              126.83684066730648,
              36.788753178415725
            ],
            [
              126.8385795047068,
              36.79848948795594
            ],
            [
              126.82593402425952,
              36.80030227447562
            ],
            [
              126.82941169906017,
              36.81977072004169
            ],
            [
              126.80412073816558,
              36.82339524253552
            ],
            [
              126.8058595755659,
              36.83312714774781
            ],
            [
              126.79321409511863,
              36.83493911412297
            ],
            [
              126.79495293251895,
              36.84466955087857
            ],
            [
              126.78230745207166,
              36.84648124380758
            ],
            [
              126.784046289472,
              36.856210211933266
            ],
            [
              126.72081888723548,
              36.8652668798608
            ],
            [
              126.7225577246358,
              36.87499345684289
            ],
            [
              126.63403936150468,
              36.887669374391734
            ],
            [
              126.63577819890503,
              36.897393098489054
            ],
            [
              126.62313271845771,
              36.899203541432264
            ],
            [
              126.62661039325837,
              36.91864681189838
            ],
            [
              126.61396491281108,
              36.92045675051851
            ],
            [
              126.61744258761178,
              36.939894603464936
            ],
            [
              126.60479710716446,
              36.9417040376536
            ],
            [
              126.60827478196515,
              36.96113647191744
            ],
            [
              126.57033834062324,
              36.96656313193163
            ],
            [
              126.5685995032229,
              36.95684822691522
            ],
            [
              126.54330854232828,
              36.96046624698777
            ],
            [
              126.54156970492792,
              36.950750564057884
            ],
            [
              126.52892422448063,
              36.95255974042545
            ],
            [
              126.52544654967994,
              36.93312511796341
            ],
            [
              126.53809203012726,
              36.93131548007278
            ],
            [
              126.5363531927269,
              36.921596079260524
            ],
            [
              126.5616441536215,
              36.917976213146446
            ],
            [
              126.55990531622118,
              36.908255111886156
            ],
            [
              126.5725507966685,
              36.906444883699635
            ],
            [
              126.56385660966676,
              36.857819643468545
            ],
            [
              126.55121112921947,
              36.859631024774735
            ],
            [
              126.54947229181914,
              36.849902492047306
            ],
            [
              126.5241813309245,
              36.85352558698513
            ],
            [
              126.52244249352415,
              36.84379627718689
            ],
            [
              126.50979701307686,
              36.845607990806826
            ],
            [
              126.50631933827619,
              36.82614611814092
            ],
            [
              126.45573741648698,
              36.833394387522446
            ],
            [
              126.47312579049039,
              36.9306449927407
            ],
            [
              126.38460742735924,
              36.94331166712697
            ],
            [
              126.38286858995889,
              36.93359379600112
            ],
            [
              126.3702231095116,
              36.93540337979955
            ],
            [
              126.36848427211125,
              36.925684500205456
            ],
            [
              126.35583879166396,
              36.92749427177548
            ],
            [
              126.34888344206259,
              36.888607286318106
            ],
            [
              126.3868198834045,
              36.88317507461131
            ],
            [
              126.38508104600415,
              36.873449539491965
            ],
            [
              126.39772652645146,
              36.871638485759036
            ],
            [
              126.3942488516508,
              36.852183239152396
            ],
            [
              126.40689433209808,
              36.85037168133726
            ],
            [
              126.39820014509638,
              36.80171074640943
            ],
            [
              126.38555466464906,
              36.80352345668464
            ],
            [
              126.38381582724874,
              36.79378778701427
            ],
            [
              126.37117034680142,
              36.79560068480896
            ],
            [
              126.36769267200073,
              36.776126094066214
            ],
            [
              126.35504719155342,
              36.77793940975056
            ],
            [
              126.35330835415309,
              36.76820048886123
            ],
            [
              126.34066287370578,
              36.770013992015656
            ],
            [
              126.33370752410443,
              36.73104685982699
            ],
            [
              126.2831256023152,
              36.73830412861844
            ],
            [
              126.29355862671724,
              36.796741876370234
            ],
            [
              126.26826766582263,
              36.800367489228144
            ],
            [
              126.26652882842231,
              36.79063141839265
            ],
            [
              126.25388334797499,
              36.79244439088217
            ],
            [
              126.25214451057464,
              36.78270731304648
            ],
            [
              126.23949903012732,
              36.7845204730341
            ],
            [
              126.23776019272701,
              36.774782388280336
            ],
            [
              126.2251147122797,
              36.77659573575076
            ],
            [
              126.22337587487935,
              36.76685664416111
            ],
            [
              126.21073039443203,
              36.76867017909903
            ],
            [
              126.20899155703171,
              36.75893008075575
            ],
            [
              126.17105511568978,
              36.7643711192584
            ],
            [
              126.16931627828943,
              36.75463047489972
            ],
            [
              126.15667079784214,
              36.75644429895498
            ],
            [
              126.15493196044179,
              36.746702647969755
            ],
            [
              126.1422864799945,
              36.7485166594535
            ],
            [
              126.13011461819211,
              36.68029208969125
            ],
            [
              126.1427600986394,
              36.6784764666502
            ],
            [
              126.14102126123906,
              36.66872492447508
            ],
            [
              126.15366674168638,
              36.666909028457
            ],
            [
              126.15192790428603,
              36.65715602034649
            ],
            [
              126.16457338473333,
              36.655339851384376
            ],
            [
              126.15935687253229,
              36.62607272330009
            ],
            [
              126.1720023529796,
              36.62425582135955
            ],
            [
              126.17026351557928,
              36.614497411266946
            ],
            [
              126.23349091781579,
              36.60541110923447
            ],
            [
              126.23175208041546,
              36.59565031420228
            ],
            [
              126.25704304131006,
              36.59201503375459
            ],
            [
              126.25530420390973,
              36.58225254399084
            ],
            [
              126.28059516480432,
              36.57861663246194
            ],
            [
              126.278856327404,
              36.56885244820628
            ],
            [
              126.31679276874591,
              36.56339757022266
            ],
            [
              126.31853160614624,
              36.573162444115
            ],
            [
              126.33117708659356,
              36.57134429572167
            ],
            [
              126.3363935987946,
              36.60063219908119
            ],
            [
              126.3869755205838,
              36.59336193635226
            ],
            [
              126.38523668318346,
              36.58359961696043
            ],
            [
              126.39788216363075,
              36.58178171432179
            ],
            [
              126.39614332623043,
              36.57201793030494
            ],
            [
              126.40878880667773,
              36.57019975496645
            ],
            [
              126.41052764407807,
              36.57996376887432
            ],
            [
              126.42317312452536,
              36.57814578061881
            ],
            [
              126.42491196192572,
              36.58790878975479
            ],
            [
              126.43755744237302,
              36.58609098859796
            ],
            [
              126.43929627977336,
              36.595852992877774
            ],
            [
              126.46458724066795,
              36.59221772197848
            ],
            [
              126.46632607806832,
              36.601978951262296
            ],
            [
              126.50426251941023,
              36.59652641362051
            ],
            [
              126.5025236820099,
              36.586764494529824
            ],
            [
              126.51516916245721,
              36.58494666642364
            ],
            [
              126.50995265025617,
              36.55565281139778
            ],
            [
              126.49730716980885,
              36.55747132914209
            ],
            [
              126.49035182020751,
              36.518396494452794
            ],
            [
              126.47770633976019,
              36.520215888601356
            ],
            [
              126.47075099015882,
              36.48112223071619
            ],
            [
              126.49604195105344,
              36.47748156201745
            ],
            [
              126.49430311365309,
              36.4677046044751
            ],
            [
              126.51959407454771,
              36.46406330546322
            ],
            [
              126.51785523714736,
              36.45428465549322
            ],
            [
              126.53050071759468,
              36.45246371225101
            ],
            [
              126.52528420539365,
              36.42311967601018
            ],
            [
              126.51263872494634,
              36.424941307916576
            ],
            [
              126.50742221274533,
              36.39558686656447
            ],
            [
              126.52006769319263,
              36.3937645462116
            ],
            [
              126.51832885579228,
              36.38397703831745
            ],
            [
              126.5309743362396,
              36.38215444581256
            ],
            [
              126.52401898663821,
              36.342991177103904
            ],
            [
              126.5113735061909,
              36.344814687081794
            ],
            [
              126.50615699398989,
              36.31542999168025
            ],
            [
              126.5188024744372,
              36.31360579385407
            ],
            [
              126.51706363703684,
              36.30380820362028
            ],
            [
              126.52970911748416,
              36.30198373387921
            ],
            [
              126.52797028008379,
              36.29218468341841
            ],
            [
              126.54061576053111,
              36.290359941797014
            ],
            [
              126.5319215735294,
              36.24134508352028
            ],
            [
              126.5192760930821,
              36.243170970772404
            ],
            [
              126.51232074348074,
              36.20393785620097
            ],
            [
              126.49967526303342,
              36.205764616878156
            ],
            [
              126.49793642563307,
              36.19595349268264
            ],
            [
              126.51058190608039,
              36.19412650304807
            ],
            [
              126.5071042312797,
              36.17450010826485
            ],
            [
              126.51974971172702,
              36.17267261816986
            ],
            [
              126.51801087432666,
              36.16285734792926
            ],
            [
              126.53065635477397,
              36.16102958634144
            ],
            [
              126.52891751737361,
              36.15121285814221
            ],
            [
              126.55420847826824,
              36.1475567494428
            ],
            [
              126.55246964086788,
              36.13773833465992
            ],
            [
              126.5651151213152,
              36.13590998758908
            ],
            [
              126.55989860911419,
              36.106446684903354
            ],
            [
              126.54725312866687,
              36.108275718251654
            ],
            [
              126.54377545386617,
              36.08862783194535
            ],
            [
              126.5564209343135,
              36.08679834120449
            ],
            [
              126.55468209691315,
              36.076972327188145
            ],
            [
              126.56732757736044,
              36.075142565214875
            ],
            [
              126.56558873996012,
              36.06531509463938
            ],
            [
              126.57823422040742,
              36.063485061469216
            ],
            [
              126.57475654560675,
              36.043825979973406
            ],
            [
              126.62533846739595,
              36.03650359303402
            ],
            [
              126.62359962999561,
              36.026671296865295
            ],
            [
              126.66153607133752,
              36.021178374276495
            ],
            [
              126.65805839653684,
              36.001508729483554
            ],
            [
              126.67070387698415,
              35.99967721324798
            ],
            [
              126.6689650395838,
              35.98984032202196
            ],
            [
              126.68161052003111,
              35.98800853482065
            ],
            [
              126.67987168263078,
              35.97817018846867
            ],
            [
              126.69251716307807,
              35.976338130337524
            ],
            [
              126.69077832567774,
              35.966498329052556
            ],
            [
              126.70342380612504,
              35.96466600002753
            ],
            [
              126.70168496872469,
              35.95482474400283
            ],
            [
              126.73962141006663,
              35.94932681681236
            ],
            [
              126.73788257266628,
              35.93948364963105
            ],
            [
              126.75052805311358,
              35.937650693910115
            ],
            [
              126.74878921571323,
              35.92780607243726
            ]
          ]
        ]
      },
      "properties": {
        "name": "熊州",
        "native_name": "웅주",
        "year": 757,
        "source_map_label": "熊州",
        "source_label_pixel": [
          418,
          578
        ],
        "map_year": 757,
        "date_precision": "reference_year",
        "boundary_basis": "digitized_published_map"
      }
    },
    {
      "type": "Feature",
      "id": "silla-8",
      "geometry": {
        "type": "Polygon",
        "coordinates": [
          [
            [
              126.74878921571323,
              35.92780607243726
            ],
            [
              126.74531154091254,
              35.908113152063116
            ],
            [
              126.69472961912332,
              35.91544745894314
            ],
            [
              126.69299078172298,
              35.905600073127694
            ],
            [
              126.64240885993377,
              35.912934612958104
            ],
            [
              126.64067002253343,
              35.90308691438197
            ],
            [
              126.62802454208614,
              35.90492067131267
            ],
            [
              126.62106919248474,
              35.865518535882984
            ],
            [
              126.63371467293206,
              35.8636838663793
            ],
            [
              126.63197583553172,
              35.85383004164803
            ],
            [
              126.72049419866286,
              35.84098456957761
            ],
            [
              126.71180001166115,
              35.79168909715459
            ],
            [
              126.72444549210844,
              35.78985272006095
            ],
            [
              126.72270665470812,
              35.779989725333444
            ],
            [
              126.74799761560271,
              35.77631638809112
            ],
            [
              126.74625877820239,
              35.76645171389686
            ],
            [
              126.75890425864968,
              35.764614753790774
            ],
            [
              126.75716542124934,
              35.754748628206414
            ],
            [
              126.76981090169663,
              35.7529113978666
            ],
            [
              126.76459438949561,
              35.72330499796133
            ],
            [
              126.75194890904832,
              35.72514291157886
            ],
            [
              126.75021007164797,
              35.71527189321535
            ],
            [
              126.73756459120068,
              35.717109992142014
            ],
            [
              126.73582575380033,
              35.70723797862217
            ],
            [
              126.6725983515638,
              35.71642897576048
            ],
            [
              126.67085951416345,
              35.706556877882
            ],
            [
              126.65821403371613,
              35.70839517780736
            ],
            [
              126.65473635891546,
              35.6886477693401
            ],
            [
              126.64209087846817,
              35.69048648217856
            ],
            [
              126.64035204106783,
              35.68061117179912
            ],
            [
              126.62770656062052,
              35.682450069871294
            ],
            [
              126.62422888581983,
              35.66269623738223
            ],
            [
              126.59893792492524,
              35.666374816728435
            ],
            [
              126.59719908752487,
              35.65649652237808
            ],
            [
              126.58455360707757,
              35.65833597604616
            ],
            [
              126.58281476967723,
              35.64845668722737
            ],
            [
              126.53223284788801,
              35.65581498835959
            ],
            [
              126.53049401048764,
              35.645935387714665
            ],
            [
              126.51784853004037,
              35.64777508460625
            ],
            [
              126.51610969264003,
              35.63789448961696
            ],
            [
              126.50346421219271,
              35.63973437164896
            ],
            [
              126.50172537479236,
              35.62985278240983
            ],
            [
              126.48907989434505,
              35.631692849564615
            ],
            [
              126.48734105694471,
              35.62181026617029
            ],
            [
              126.47469557649742,
              35.62365051843023
            ],
            [
              126.47121790169675,
              35.60388214214233
            ],
            [
              126.45857242124943,
              35.6057228069024
            ],
            [
              126.45509474644874,
              35.58595000041988
            ],
            [
              126.46774022689605,
              35.584108880914776
            ],
            [
              126.46600138949573,
              35.57422041880743
            ],
            [
              126.478646869943,
              35.57237902964308
            ],
            [
              126.47690803254268,
              35.56248911943106
            ],
            [
              126.60336283701574,
              35.54407062728345
            ],
            [
              126.60162399961538,
              35.534177223975334
            ],
            [
              126.62691496050998,
              35.53049256334401
            ],
            [
              126.62343728570931,
              35.51070118750831
            ],
            [
              126.63608276615663,
              35.508858339398394
            ],
            [
              126.63782160355696,
              35.51875486448195
            ],
            [
              126.67575804489887,
              35.51322674782772
            ],
            [
              126.67749688229924,
              35.523122734431844
            ],
            [
              126.71543332364112,
              35.517594918583825
            ],
            [
              126.71717216104147,
              35.5274903666803
            ],
            [
              126.7677540828307,
              35.52012026204345
            ],
            [
              126.76601524543035,
              35.510223905282565
            ],
            [
              126.81659716721957,
              35.502852215269826
            ],
            [
              126.81485832981924,
              35.49295373016305
            ],
            [
              126.82750381026656,
              35.49111047482429
            ],
            [
              126.8257649728662,
              35.48121054302141
            ],
            [
              126.83841045331351,
              35.47936701832355
            ],
            [
              126.83667161591316,
              35.469465640029085
            ],
            [
              126.86196257680776,
              35.46577800971856
            ],
            [
              126.86022373940743,
              35.45587495812723
            ],
            [
              126.87286921985473,
              35.45403085255873
            ],
            [
              126.87113038245438,
              35.444126354917834
            ],
            [
              126.8837758629017,
              35.4422819801107
            ],
            [
              126.88203702550136,
              35.43237603662561
            ],
            [
              126.97055538863248,
              35.419462641275494
            ],
            [
              126.96881655123215,
              35.4095538907787
            ],
            [
              126.99410751212677,
              35.40586351525197
            ],
            [
              126.99236867472642,
              35.39595309267135
            ],
            [
              127.05559607696294,
              35.38672528049968
            ],
            [
              127.0538572395626,
              35.376812505718696
            ],
            [
              127.06650272000992,
              35.37496658979902
            ],
            [
              127.06476388260955,
              35.36505237035518
            ],
            [
              127.07740936305687,
              35.36320618545523
            ],
            [
              127.07567052565652,
              35.353290521555714
            ],
            [
              127.10096148655114,
              35.349597571659345
            ],
            [
              127.1027003239515,
              35.35951368899853
            ],
            [
              127.11534580439879,
              35.357667377443654
            ],
            [
              127.11360696699846,
              35.34775103339232
            ],
            [
              127.13889792789305,
              35.344057830225346
            ],
            [
              127.1371590904927,
              35.33413981534917
            ],
            [
              127.21303197317656,
              35.32305783291458
            ],
            [
              127.21477081057688,
              35.332977207729726
            ],
            [
              127.30328917370802,
              35.320047894566166
            ],
            [
              127.3015503363077,
              35.31012693338897
            ],
            [
              127.3268412972023,
              35.30643201092651
            ],
            [
              127.32510245980197,
              35.29650937969475
            ],
            [
              127.35039342069656,
              35.292813835348305
            ],
            [
              127.34865458329624,
              35.28288953434148
            ],
            [
              127.44981842687467,
              35.26810385764843
            ],
            [
              127.45155726427502,
              35.27802997072497
            ],
            [
              127.47684822516962,
              35.27433358279813
            ],
            [
              127.48032589997031,
              35.294183065612366
            ],
            [
              127.49297138041763,
              35.292335261422046
            ],
            [
              127.49471021781795,
              35.30225840445479
            ],
            [
              127.52000117871255,
              35.2985631226283
            ],
            [
              127.52174001611291,
              35.30848550202524
            ],
            [
              127.54703097700754,
              35.304790504591125
            ],
            [
              127.54876981440786,
              35.31471212029384
            ],
            [
              127.56141529485515,
              35.31286478488045
            ],
            [
              127.56489296965584,
              35.33270481846149
            ],
            [
              127.57753845010316,
              35.33085789410288
            ],
            [
              127.58275496230418,
              35.36060949483369
            ],
            [
              127.59540044275148,
              35.35876320833563
            ],
            [
              127.60409462975319,
              35.40832598833773
            ],
            [
              127.61674011020051,
              35.40648079358435
            ],
            [
              127.61847894760086,
              35.41638992193692
            ],
            [
              127.63112442804815,
              35.41454491181132
            ],
            [
              127.63286326544848,
              35.42445304857136
            ],
            [
              127.6455087458958,
              35.4226082230916
            ],
            [
              127.64724758329615,
              35.43251536816209
            ],
            [
              127.65989306374347,
              35.430670727346225
            ],
            [
              127.67554260034652,
              35.51978221619302
            ],
            [
              127.68818808079384,
              35.51793957652259
            ],
            [
              127.70035994259622,
              35.58718178802263
            ],
            [
              127.71300542304354,
              35.585340696840404
            ],
            [
              127.71648309784422,
              35.60511365381936
            ],
            [
              127.72912857829151,
              35.60327297504642
            ],
            [
              127.73086741569186,
              35.61315784913934
            ],
            [
              127.75615837658647,
              35.60947681937688
            ],
            [
              127.75789721398682,
              35.61936092696069
            ],
            [
              127.78318817488143,
              35.61568018266025
            ],
            [
              127.79362119928346,
              35.674961902676614
            ],
            [
              127.78097571883617,
              35.67680093093584
            ],
            [
              127.78271455623653,
              35.68667671291466
            ],
            [
              127.7574235953419,
              35.69035418707495
            ],
            [
              127.75916243274226,
              35.70022829134779
            ],
            [
              127.73387147184764,
              35.70390514067287
            ],
            [
              127.73561030924799,
              35.713777566972475
            ],
            [
              127.72296482880068,
              35.71561570036654
            ],
            [
              127.7281813410017,
              35.745224958577474
            ],
            [
              127.71553586055441,
              35.74706236635761
            ],
            [
              127.71727469795474,
              35.7569294449508
            ],
            [
              127.70462921750743,
              35.758766582521446
            ],
            [
              127.70810689230811,
              35.77849661358324
            ],
            [
              127.72075237275543,
              35.77665993168366
            ],
            [
              127.72770772235678,
              35.81610621939893
            ],
            [
              127.74035320280409,
              35.814270406707905
            ],
            [
              127.74556971500513,
              35.843842952048
            ],
            [
              127.75821519545242,
              35.84200778089697
            ],
            [
              127.76517054505379,
              35.88142160762715
            ],
            [
              127.75252506460649,
              35.883255866432826
            ],
            [
              127.75426390200684,
              35.89310603230308
            ],
            [
              127.74161842155952,
              35.89494002047264
            ],
            [
              127.74335725895988,
              35.9047887327932
            ],
            [
              127.71806629806525,
              35.90845612529576
            ],
            [
              127.71980513546559,
              35.91830315565472
            ],
            [
              127.7071596550183,
              35.92013655994574
            ],
            [
              127.70889849241863,
              35.92998213633495
            ],
            [
              127.69625301197132,
              35.93181526987538
            ],
            [
              127.699730686772,
              35.951502288276
            ],
            [
              127.68708520632471,
              35.95333492272119
            ],
            [
              127.68882404372505,
              35.96317636437516
            ],
            [
              127.67617856327773,
              35.96500872796709
            ],
            [
              127.68487275027944,
              36.014196396155036
            ],
            [
              127.67222726983215,
              36.01602757512544
            ],
            [
              127.68092145683386,
              36.065183424049366
            ],
            [
              127.66827597638657,
              36.06701341771401
            ],
            [
              127.6700148137869,
              36.076840676111104
            ],
            [
              127.6447238528923,
              36.08050007846152
            ],
            [
              127.64646269029261,
              36.09032565160883
            ],
            [
              127.63381720984532,
              36.092155060253496
            ],
            [
              127.64077255944669,
              36.13144415542095
            ],
            [
              127.653418039894,
              36.12961566169816
            ],
            [
              127.65515687729433,
              36.1394350929202
            ],
            [
              127.68044783818894,
              36.13577843525083
            ],
            [
              127.68392551298962,
              36.155414526486716
            ],
            [
              127.69657099343694,
              36.15358659138231
            ],
            [
              127.69830983083727,
              36.163403022409064
            ],
            [
              127.68566435038998,
              36.1652307286591
            ],
            [
              127.68740318779031,
              36.17504570168874
            ],
            [
              127.67475770734302,
              36.176873136438786
            ],
            [
              127.67649654474336,
              36.18668665128265
            ],
            [
              127.65120558384875,
              36.1903409350856
            ],
            [
              127.65294442124909,
              36.20015276261215
            ],
            [
              127.64029894080177,
              36.20197961162449
            ],
            [
              127.64203777820212,
              36.211789980559246
            ],
            [
              127.6167468173075,
              36.21544309272383
            ],
            [
              127.61848565470785,
              36.22525177387226
            ],
            [
              127.60584017426055,
              36.227078036984075
            ],
            [
              127.60757901166087,
              36.23688525913596
            ],
            [
              127.59493353121358,
              36.238711250561835
            ],
            [
              127.59667236861392,
              36.248517013529955
            ],
            [
              127.5840268881666,
              36.25034273323504
            ],
            [
              127.58228805076628,
              36.24053719933705
            ],
            [
              127.51906064852973,
              36.24966630342336
            ],
            [
              127.5173218111294,
              36.23986068465366
            ],
            [
              127.45409440889286,
              36.24898986775621
            ],
            [
              127.45235557149253,
              36.2391841641154
            ],
            [
              127.42706461059794,
              36.242835996921336
            ],
            [
              127.42880344799826,
              36.252641242414896
            ],
            [
              127.41615796755094,
              36.25446686575886
            ],
            [
              127.41268029275027,
              36.23485560270915
            ],
            [
              127.28622548827721,
              36.25311407168441
            ],
            [
              127.28796432567756,
              36.26291802750984
            ],
            [
              127.27531884523025,
              36.26474341069929
            ],
            [
              127.27705768263061,
              36.27454590692285
            ],
            [
              127.2644122021833,
              36.27637101831374
            ],
            [
              127.26615103958362,
              36.286172054749095
            ],
            [
              127.25350555913634,
              36.287996894306715
            ],
            [
              127.25524439653667,
              36.29779647076775
            ],
            [
              127.22995343564207,
              36.30144556346806
            ],
            [
              127.22821459824173,
              36.29164644539984
            ],
            [
              127.20292363734711,
              36.29529582579113
            ],
            [
              127.19944596254642,
              36.27569481388578
            ],
            [
              127.18680048209913,
              36.27751989841718
            ],
            [
              127.18332280729845,
              36.25791442219096
            ],
            [
              127.17067732685113,
              36.25973992231521
            ],
            [
              127.16893848945078,
              36.24993556762503
            ],
            [
              127.15629300900349,
              36.25176125418719
            ],
            [
              127.15107649680245,
              36.22234149602453
            ],
            [
              127.13843101635513,
              36.224167827090575
            ],
            [
              127.12973682935343,
              36.17511144495446
            ],
            [
              127.11709134890614,
              36.17693887817121
            ],
            [
              127.1153525115058,
              36.167124142259844
            ],
            [
              127.1027070310585,
              36.1689517617439
            ],
            [
              127.09922935625781,
              36.14931906025221
            ],
            [
              127.08658387581049,
              36.151147094830556
            ],
            [
              127.08310620100981,
              36.131509935250634
            ],
            [
              127.07046072056252,
              36.133338384840926
            ],
            [
              127.0669830457618,
              36.11369676805805
            ],
            [
              127.05433756531453,
              36.11552563257778
            ],
            [
              127.05259872791419,
              36.10570321019172
            ],
            [
              127.03995324746688,
              36.10753226085123
            ],
            [
              127.0329978978655,
              36.06823120407167
            ],
            [
              127.0203524174182,
              36.07006112683805
            ],
            [
              127.01861358001786,
              36.06023302139007
            ],
            [
              126.99332261912326,
              36.06389319644565
            ],
            [
              126.9915837817229,
              36.05406432048327
            ],
            [
              127.00422926217021,
              36.05223402564402
            ],
            [
              127.00249042476989,
              36.04240369349799
            ],
            [
              126.98984494432257,
              36.04423421690679
            ],
            [
              126.98462843212153,
              36.014736541854106
            ],
            [
              126.95933747122693,
              36.01839883215139
            ],
            [
              126.95759863382659,
              36.008564276430825
            ],
            [
              126.93230767293197,
              36.012226853513866
            ],
            [
              126.92882999813128,
              35.99255497504557
            ],
            [
              126.90353903723668,
              35.996218295780494
            ],
            [
              126.90180019983633,
              35.98638097317253
            ],
            [
              126.88915471938904,
              35.988212798162444
            ],
            [
              126.88741588198869,
              35.97837447727932
            ],
            [
              126.8747704015414,
              35.980206488141896
            ],
            [
              126.87303156414103,
              35.97036716907445
            ],
            [
              126.83509512279912,
              35.975863631657965
            ],
            [
              126.83335628539879,
              35.966023771226546
            ],
            [
              126.82071080495147,
              35.9678560687435
            ],
            [
              126.81897196755112,
              35.958015210268016
            ],
            [
              126.79368100665653,
              35.96168013444362
            ],
            [
              126.79194216925619,
              35.951838506345325
            ],
            [
              126.77929668880887,
              35.9536711329909
            ],
            [
              126.77581901400819,
              35.93398465494878
            ],
            [
              126.7631735335609,
              35.93581769568239
            ],
            [
              126.76143469616055,
              35.92597284594197
            ],
            [
              126.74878921571323,
              35.92780607243726
            ]
          ]
        ]
      },
      "properties": {
        "name": "全州",
        "native_name": "전주",
        "year": 757,
        "source_map_label": "全州",
        "source_label_pixel": [
          460,
          628
        ],
        "map_year": 757,
        "date_precision": "reference_year",
        "boundary_basis": "digitized_published_map"
      }
    },
    {
      "type": "Feature",
      "id": "silla-9",
      "geometry": {
        "type": "MultiPolygon",
        "coordinates": [
          [
            [
              [
                127.91437916580361,
                34.88368572116128
              ],
              [
                127.91959567800463,
                34.91360106956982
              ],
              [
                127.90695019755731,
                34.91545747926511
              ],
              [
                127.910427872358,
                34.93539453979124
              ],
              [
                127.89778239191068,
                34.937250456496486
              ],
              [
                127.89952122931105,
                34.94721694448061
              ],
              [
                127.88687574886373,
                34.94907259363893
              ],
              [
                127.88861458626405,
                34.959037644652916
              ],
              [
                127.87596910581675,
                34.9608930262239
              ],
              [
                127.87944678061746,
                34.9808190421227
              ],
              [
                127.86680130017015,
                34.98267393041741
              ],
              [
                127.87027897497083,
                35.002594647297904
              ],
              [
                127.85763349452353,
                35.00444904217957
              ],
              [
                127.8611111693242,
                35.02436445857438
              ],
              [
                127.8484656888769,
                35.02621835990655
              ],
              [
                127.85020452627725,
                35.0361740235095
              ],
              [
                127.83755904582993,
                35.03802765699175
              ],
              [
                127.8392978832303,
                35.04798188199829
              ],
              [
                127.82665240278298,
                35.04983524759057
              ],
              [
                127.82839124018331,
                35.0597880337859
              ],
              [
                127.7904547988414,
                35.06534720058738
              ],
              [
                127.79219363624173,
                35.07529809593499
              ],
              [
                127.76690267534713,
                35.07900354497713
              ],
              [
                127.76864151274746,
                35.088952775064975
              ],
              [
                127.71805959095826,
                35.096362264430006
              ],
              [
                127.71979842835859,
                35.10630937697344
              ],
              [
                127.69450746746399,
                35.11001341716092
              ],
              [
                127.69624630486432,
                35.11995886379497
              ],
              [
                127.6583098635224,
                35.12551393026701
              ],
              [
                127.66004870092274,
                35.13545748462188
              ],
              [
                127.64740322047545,
                35.13730886316681
              ],
              [
                127.64914205787578,
                35.14725097712662
              ],
              [
                127.63649657742849,
                35.14910208744689
              ],
              [
                127.63823541482883,
                35.159042760799124
              ],
              [
                127.61294445393422,
                35.16274440279731
              ],
              [
                127.61468329133456,
                35.17268340913999
              ],
              [
                127.58939233043995,
                35.176384430283335
              ],
              [
                127.59113116784029,
                35.1863217693328
              ],
              [
                127.57848568739297,
                35.18817199048841
              ],
              [
                127.58022452479332,
                35.19810788822804
              ],
              [
                127.54228808345138,
                35.20365762010587
              ],
              [
                127.54402692085175,
                35.21359162371962
              ],
              [
                127.53138144040443,
                35.215441223763925
              ],
              [
                127.53312027780478,
                35.225373785579265
              ],
              [
                127.52047479735748,
                35.227223117137775
              ],
              [
                127.5222136347578,
                35.23715423694401
              ],
              [
                127.50956815431051,
                35.239003299977526
              ],
              [
                127.51130699171085,
                35.24893297756425
              ],
              [
                127.49866151126353,
                35.250781772033605
              ],
              [
                127.50040034866389,
                35.260710007190674
              ],
              [
                127.48775486821658,
                35.26255853305678
              ],
              [
                127.48949370561694,
                35.272485325574344
              ],
              [
                127.47684822516962,
                35.27433358279813
              ],
              [
                127.45155726427502,
                35.27802997072497
              ],
              [
                127.44981842687467,
                35.26810385764843
              ],
              [
                127.34865458329624,
                35.28288953434148
              ],
              [
                127.35039342069656,
                35.292813835348305
              ],
              [
                127.32510245980197,
                35.29650937969475
              ],
              [
                127.3268412972023,
                35.30643201092651
              ],
              [
                127.3015503363077,
                35.31012693338897
              ],
              [
                127.30328917370802,
                35.320047894566166
              ],
              [
                127.21477081057688,
                35.332977207729726
              ],
              [
                127.21303197317656,
                35.32305783291458
              ],
              [
                127.1371590904927,
                35.33413981534917
              ],
              [
                127.13889792789305,
                35.344057830225346
              ],
              [
                127.11360696699846,
                35.34775103339232
              ],
              [
                127.11534580439879,
                35.357667377443654
              ],
              [
                127.1027003239515,
                35.35951368899853
              ],
              [
                127.10096148655114,
                35.349597571659345
              ],
              [
                127.07567052565652,
                35.353290521555714
              ],
              [
                127.07740936305687,
                35.36320618545523
              ],
              [
                127.06476388260955,
                35.36505237035518
              ],
              [
                127.06650272000992,
                35.37496658979902
              ],
              [
                127.0538572395626,
                35.376812505718696
              ],
              [
                127.05559607696294,
                35.38672528049968
              ],
              [
                126.99236867472642,
                35.39595309267135
              ],
              [
                126.99410751212677,
                35.40586351525197
              ],
              [
                126.96881655123215,
                35.4095538907787
              ],
              [
                126.97055538863248,
                35.419462641275494
              ],
              [
                126.88203702550136,
                35.43237603662561
              ],
              [
                126.8837758629017,
                35.4422819801107
              ],
              [
                126.87113038245438,
                35.444126354917834
              ],
              [
                126.87286921985473,
                35.45403085255873
              ],
              [
                126.86022373940743,
                35.45587495812723
              ],
              [
                126.86196257680776,
                35.46577800971856
              ],
              [
                126.83667161591316,
                35.469465640029085
              ],
              [
                126.83841045331351,
                35.47936701832355
              ],
              [
                126.8257649728662,
                35.48121054302141
              ],
              [
                126.82750381026656,
                35.49111047482429
              ],
              [
                126.81485832981924,
                35.49295373016305
              ],
              [
                126.81659716721957,
                35.502852215269826
              ],
              [
                126.76601524543035,
                35.510223905282565
              ],
              [
                126.7677540828307,
                35.52012026204345
              ],
              [
                126.71717216104147,
                35.5274903666803
              ],
              [
                126.71543332364112,
                35.517594918583825
              ],
              [
                126.67749688229924,
                35.523122734431844
              ],
              [
                126.67575804489887,
                35.51322674782772
              ],
              [
                126.63782160355696,
                35.51875486448195
              ],
              [
                126.63608276615663,
                35.508858339398394
              ],
              [
                126.62343728570931,
                35.51070118750831
              ],
              [
                126.61995961090864,
                35.490904932165414
              ],
              [
                126.59466865001403,
                35.49459140998773
              ],
              [
                126.59292981261368,
                35.4846919070264
              ],
              [
                126.51705692992985,
                35.49575168819574
              ],
              [
                126.51879576733018,
                35.50564982854814
              ],
              [
                126.48085932598826,
                35.51117846689702
              ],
              [
                126.47912048858794,
                35.50128100791702
              ],
              [
                126.46647500814062,
                35.50312402991218
              ],
              [
                126.46473617074028,
                35.49322557830053
              ],
              [
                126.45209069029298,
                35.49506878511704
              ],
              [
                126.45035185289262,
                35.48516934096986
              ],
              [
                126.43770637244533,
                35.487012732589804
              ],
              [
                126.42205683584226,
                35.3978649177315
              ],
              [
                126.40941135539494,
                35.399710309704744
              ],
              [
                126.40767251799461,
                35.38979913073874
              ],
              [
                126.45825443978383,
                35.382416402164395
              ],
              [
                126.45651560238348,
                35.37250309794975
              ],
              [
                126.4691610828308,
                35.370657083455384
              ],
              [
                126.4656834080301,
                35.35082636818808
              ],
              [
                126.47832888847742,
                35.34897985801202
              ],
              [
                126.46963470147568,
                35.299380632725025
              ],
              [
                126.41905277968648,
                35.306770952962054
              ],
              [
                126.42079161708682,
                35.31669232576817
              ],
              [
                126.40814613663953,
                35.318539573756176
              ],
              [
                126.40988497403983,
                35.328459502928524
              ],
              [
                126.38459401314523,
                35.3321534190476
              ],
              [
                126.3828551757449,
                35.322233943142635
              ],
              [
                126.37020969529759,
                35.32408106453919
              ],
              [
                126.36499318309657,
                35.29431601463267
              ],
              [
                126.35234770264925,
                35.296163773604256
              ],
              [
                126.34713119044824,
                35.266388453164524
              ],
              [
                126.33448571000092,
                35.26823684949221
              ],
              [
                126.3327468726006,
                35.25830953642915
              ],
              [
                126.32010139215328,
                35.260158117050054
              ],
              [
                126.3166237173526,
                35.24030029551605
              ],
              [
                126.3292691977999,
                35.23845126205186
              ],
              [
                126.32231384819853,
                35.19872012447562
              ],
              [
                126.36025028954047,
                35.1931700552267
              ],
              [
                126.35155610253874,
                35.14347539855319
              ],
              [
                126.36420158298606,
                35.14162416024994
              ],
              [
                126.3624627455857,
                35.1316813590078
              ],
              [
                126.375108226033,
                35.129829852498766
              ],
              [
                126.37336938863265,
                35.11988561096304
              ],
              [
                126.38601486907997,
                35.11803383628785
              ],
              [
                126.38427603167963,
                35.10808815467147
              ],
              [
                126.42221247302155,
                35.10253190001202
              ],
              [
                126.42047363562119,
                35.092584326530186
              ],
              [
                126.43311911606851,
                35.09073193148493
              ],
              [
                126.42616376646716,
                35.05092859915526
              ],
              [
                126.36293636423062,
                35.0601946722101
              ],
              [
                126.36467520163094,
                35.0701461957121
              ],
              [
                126.35202972118365,
                35.07199905824053
              ],
              [
                126.35550739598432,
                35.091898013355205
              ],
              [
                126.34286191553703,
                35.093750381912656
              ],
              [
                126.34460075293737,
                35.103697813131085
              ],
              [
                126.33195527249005,
                35.10554991361033
              ],
              [
                126.3336941098904,
                35.115495905007194
              ],
              [
                126.3210486294431,
                35.11734773736848
              ],
              [
                126.32278746684345,
                35.12729228873053
              ],
              [
                126.2469145841596,
                35.13840104247452
              ],
              [
                126.24169807195858,
                35.10856781546261
              ],
              [
                126.22905259151126,
                35.11041980527796
              ],
              [
                126.22557491671058,
                35.09052536967702
              ],
              [
                126.16234751447406,
                35.09978694757547
              ],
              [
                126.15191449007203,
                35.040081296475094
              ],
              [
                126.16455997051932,
                35.038227709580056
              ],
              [
                126.16282113311898,
                35.02827229615512
              ],
              [
                126.18811209401359,
                35.024564544608474
              ],
              [
                126.18985093141394,
                35.03452040964375
              ],
              [
                126.20249641186123,
                35.032666696604444
              ],
              [
                126.20423524926159,
                35.04262157473006
              ],
              [
                126.21688072970888,
                35.04076804546502
              ],
              [
                126.22035840450957,
                35.06067461471082
              ],
              [
                126.3341677285353,
                35.04399502423251
              ],
              [
                126.32721237893395,
                35.00416890532489
              ],
              [
                126.31456689848665,
                35.00602326452509
              ],
              [
                126.31108922368598,
                34.98610338224907
              ],
              [
                126.29844374323866,
                34.98795815083063
              ],
              [
                126.2914883936373,
                34.948104746107724
              ],
              [
                126.30413387408458,
                34.94624907504307
              ],
              [
                126.30239503668425,
                34.936282469419766
              ],
              [
                126.31504051713156,
                34.93442653081149
              ],
              [
                126.31156284233087,
                34.91448923505763
              ],
              [
                126.32420832277819,
                34.91263280346543
              ],
              [
                126.32246948537784,
                34.90266211373588
              ],
              [
                126.33511496582514,
                34.90080541471525
              ],
              [
                126.33859264062583,
                34.92074603424296
              ],
              [
                126.37652908196775,
                34.9151770380337
              ],
              [
                126.36957373236638,
                34.875288251243575
              ],
              [
                126.38221921281368,
                34.87343093356355
              ],
              [
                126.37700270061266,
                34.843500959140506
              ],
              [
                126.36435722016536,
                34.845358952748526
              ],
              [
                126.35740187056398,
                34.80543628487798
              ],
              [
                126.3700473510113,
                34.803577390439344
              ],
              [
                126.36830851361096,
                34.793593474995404
              ],
              [
                126.38095399405825,
                34.79173431350456
              ],
              [
                126.37747631925757,
                34.771762405619675
              ],
              [
                126.42805824104678,
                34.76432353992695
              ],
              [
                126.42631940364643,
                34.7543348728172
              ],
              [
                126.45161036454105,
                34.750614738534786
              ],
              [
                126.44987152714073,
                34.740624413083786
              ],
              [
                126.47516248803532,
                34.736903661282724
              ],
              [
                126.473423650635,
                34.72691167778732
              ],
              [
                126.48606913108229,
                34.72505101412275
              ],
              [
                126.48433029368195,
                34.71505759777918
              ],
              [
                126.49697577412927,
                34.71319666733569
              ],
              [
                126.49523693672892,
                34.70320181836633
              ],
              [
                126.52052789762351,
                34.69947938213745
              ],
              [
                126.51878906022318,
                34.68948287593588
              ],
              [
                126.53143454067047,
                34.68762137019847
              ],
              [
                126.52969570327014,
                34.67762343185169
              ],
              [
                126.54234118371745,
                34.67576165946633
              ],
              [
                126.53712467151644,
                34.64575992789537
              ],
              [
                126.52447919106912,
                34.64762237446887
              ],
              [
                126.52274035366877,
                34.63761960842373
              ],
              [
                126.47215843187956,
                34.64506987506948
              ],
              [
                126.47389726927989,
                34.65507174237892
              ],
              [
                126.4486063083853,
                34.6587961752892
              ],
              [
                126.45034514578562,
                34.668796386333845
              ],
              [
                126.425054184891,
                34.67252020238773
              ],
              [
                126.42679302229135,
                34.68251875686818
              ],
              [
                126.36356562005481,
                34.69182644064096
              ],
              [
                126.36182678265448,
                34.681829010110356
              ],
              [
                126.3491813022072,
                34.683690646090334
              ],
              [
                126.34570362740651,
                34.663692613022924
              ],
              [
                126.33305814695919,
                34.66555465668093
              ],
              [
                126.32436395995748,
                34.61553957863917
              ],
              [
                126.36230040129941,
                34.609949952251185
              ],
              [
                126.36056156389907,
                34.599942643773275
              ],
              [
                126.39849800524095,
                34.59435196737857
              ],
              [
                126.39328149303994,
                34.564320786597065
              ],
              [
                126.41857245393454,
                34.56059211308496
              ],
              [
                126.4168336165342,
                34.55057885972907
              ],
              [
                126.44212457742881,
                34.54684957024415
              ],
              [
                126.44038574002847,
                34.53683466299775
              ],
              [
                126.4530312204758,
                34.534969731212726
              ],
              [
                126.45129238307544,
                34.52495339471329
              ],
              [
                126.46393786352274,
                34.52308819681919
              ],
              [
                126.45350483912068,
                34.46296353893965
              ],
              [
                126.44085935867338,
                34.46483008220734
              ],
              [
                126.43912052127307,
                34.454805316048045
              ],
              [
                126.45176600172036,
                34.45293854865702
              ],
              [
                126.44828832691967,
                34.43288495757806
              ],
              [
                126.47357928781427,
                34.42915040133227
              ],
              [
                126.46314626341224,
                34.36895806833458
              ],
              [
                126.45050078296492,
                34.37082671098702
              ],
              [
                126.44876194556458,
                34.360790670697476
              ],
              [
                126.4614074260119,
                34.35892180420643
              ],
              [
                126.45966858861155,
                34.34888433804967
              ],
              [
                126.47231406905885,
                34.34701520608037
              ],
              [
                126.4705752316585,
                34.33697631428731
              ],
              [
                126.48322071210582,
                34.335106916882765
              ],
              [
                126.48148187470548,
                34.32506659968465
              ],
              [
                126.49412735515277,
                34.32319693688796
              ],
              [
                126.49238851775245,
                34.313155194516256
              ],
              [
                126.50503399819975,
                34.311285266370554
              ],
              [
                126.50155632339907,
                34.29119773066006
              ],
              [
                126.52684728429367,
                34.28745685486809
              ],
              [
                126.52858612169402,
                34.29750167051189
              ],
              [
                126.55387708258863,
                34.29376107540279
              ],
              [
                126.55561591998895,
                34.303805137309986
              ],
              [
                126.58090688088359,
                34.30006482290798
              ],
              [
                126.58264571828391,
                34.310108131013536
              ],
              [
                126.59529119873123,
                34.30823813500172
              ],
              [
                126.59703003613156,
                34.31828046556231
              ],
              [
                126.60967551657887,
                34.31641065158178
              ],
              [
                126.61141435397923,
                34.32645200448825
              ],
              [
                126.64935079532114,
                34.320842983733314
              ],
              [
                126.64761195792079,
                34.31080095973392
              ],
              [
                126.67290291881541,
                34.3070609569241
              ],
              [
                126.67116408141506,
                34.297017284378946
              ],
              [
                126.68380956186238,
                34.29514699685976
              ],
              [
                126.68207072446201,
                34.28510189968722
              ],
              [
                126.69471620490933,
                34.28323134692079
              ],
              [
                126.69297736750899,
                34.27318482535327
              ],
              [
                126.7182683284036,
                34.26944314778646
              ],
              [
                126.72000716580392,
                34.279490116490436
              ],
              [
                126.73265264625124,
                34.277619438828644
              ],
              [
                126.73439148365159,
                34.287665430397276
              ],
              [
                126.74703696409888,
                34.28579493469052
              ],
              [
                126.7522534762999,
                34.315926374512756
              ],
              [
                126.7269625154053,
                34.319665982396586
              ],
              [
                126.72870135280563,
                34.32970694582052
              ],
              [
                126.71605587235834,
                34.33157646356356
              ],
              [
                126.71779470975868,
                34.34161600168735
              ],
              [
                126.70514922931139,
                34.34348525401468
              ],
              [
                126.70688806671171,
                34.35352336660699
              ],
              [
                126.69424258626444,
                34.35539235347557
              ],
              [
                126.69598142366476,
                34.36542904030533
              ],
              [
                126.65804498232285,
                34.371035079362834
              ],
              [
                126.65978381972317,
                34.381069892465455
              ],
              [
                126.64713833927587,
                34.382938264911786
              ],
              [
                126.65409368887724,
                34.42306459597851
              ],
              [
                126.66673916932456,
                34.42119711933829
              ],
              [
                126.66847800672488,
                34.431225918855404
              ],
              [
                126.6811234871722,
                34.429358624525946
              ],
              [
                126.68286232457255,
                34.439386444888676
              ],
              [
                126.69550780501984,
                34.43751933289005
              ],
              [
                126.69898547982052,
                34.4575718116198
              ],
              [
                126.71163096026784,
                34.455705106073495
              ],
              [
                126.71336979766818,
                34.46572976420056
              ],
              [
                126.72601527811548,
                34.463863241049836
              ],
              [
                126.72775411551582,
                34.47388691956723
              ],
              [
                126.74039959596313,
                34.47202057883207
              ],
              [
                126.74213843336348,
                34.48204327763237
              ],
              [
                126.75478391381077,
                34.48017711933278
              ],
              [
                126.75652275121111,
                34.490198838308665
              ],
              [
                126.79445919255305,
                34.484600785531185
              ],
              [
                126.79272035515268,
                34.474578393972834
              ],
              [
                126.8053658356,
                34.472712068702606
              ],
              [
                126.79841048599863,
                34.432609568571436
              ],
              [
                126.82370144689322,
                34.428875000020575
              ],
              [
                126.8219626094929,
                34.418845918462274
              ],
              [
                126.87254453128212,
                34.41137538475912
              ],
              [
                126.87428336868248,
                34.42140536234237
              ],
              [
                126.89957432957708,
                34.41767029323188
              ],
              [
                126.90131316697742,
                34.427699515807404
              ],
              [
                126.91395864742472,
                34.42583214269914
              ],
              [
                126.91569748482507,
                34.43586038616691
              ],
              [
                126.92834296527236,
                34.433993195380815
              ],
              [
                126.9300818026727,
                34.44402045963295
              ],
              [
                126.96801824401464,
                34.43841930913378
              ],
              [
                126.96627940661428,
                34.428391372717016
              ],
              [
                126.9789248870616,
                34.426524015064075
              ],
              [
                126.98240256186229,
                34.44657913269178
              ],
              [
                126.96975708141497,
                34.44844604222724
              ],
              [
                126.98019010581703,
                34.50858116190283
              ],
              [
                126.99283558626432,
                34.50671559744529
              ],
              [
                126.99805209846534,
                34.53676757222816
              ],
              [
                126.98540661801805,
                34.53863246374019
              ],
              [
                126.98714545541839,
                34.548647154683266
              ],
              [
                126.9744999749711,
                34.55051178003762
              ],
              [
                126.97623881237145,
                34.56052504146685
              ],
              [
                126.96359333192413,
                34.56238940062139
              ],
              [
                126.97054868152549,
                34.60242949383075
              ],
              [
                126.99583964242011,
                34.59870252963848
              ],
              [
                126.99757847982045,
                34.60870998755423
              ],
              [
                127.02286944071507,
                34.604983305224174
              ],
              [
                127.0246082781154,
                34.61499000623749
              ],
              [
                127.08783568035194,
                34.60567369149963
              ],
              [
                127.08957451775227,
                34.615680309306484
              ],
              [
                127.10221999819956,
                34.613817145487516
              ],
              [
                127.10395883559991,
                34.6238227817226
              ],
              [
                127.11660431604723,
                34.62195980068439
              ],
              [
                127.12008199084792,
                34.641967903362925
              ],
              [
                127.1327274712952,
                34.640105329778514
              ],
              [
                127.13446630869556,
                34.65010779598653
              ],
              [
                127.14711178914284,
                34.648245405246385
              ],
              [
                127.14885062654321,
                34.65824688943595
              ],
              [
                127.16149610699051,
                34.65638468155971
              ],
              [
                127.16323494439085,
                34.66638518362543
              ],
              [
                127.21381686618007,
                34.65893683257853
              ],
              [
                127.2155557035804,
                34.668937026648
              ],
              [
                127.25349214492232,
                34.66335099818464
              ],
              [
                127.25001447012163,
                34.643348054901935
              ],
              [
                127.26265995056895,
                34.641485512316855
              ],
              [
                127.25744343836793,
                34.6114713742738
              ],
              [
                127.24479795792061,
                34.61333459074206
              ],
              [
                127.24305912052029,
                34.60332769019728
              ],
              [
                127.17983171828374,
                34.61264426816619
              ],
              [
                127.17809288088341,
                34.60263728441754
              ],
              [
                127.1654474004361,
                34.604500699133105
              ],
              [
                127.16370856303577,
                34.59449273395805
              ],
              [
                127.13841760214115,
                34.59821988704814
              ],
              [
                127.13146225253979,
                34.55817776537512
              ],
              [
                127.11881677209247,
                34.5600421771417
              ],
              [
                127.11707793469212,
                34.55002885759094
              ],
              [
                127.10443245424482,
                34.551893451983545
              ],
              [
                127.0957382672431,
                34.501809902195966
              ],
              [
                127.12102922813773,
                34.49807842840659
              ],
              [
                127.11929039073738,
                34.48805765629241
              ],
              [
                127.18251779297391,
                34.47872712007662
              ],
              [
                127.17904011817323,
                34.45867972195926
              ],
              [
                127.19168559862054,
                34.456813041181405
              ],
              [
                127.18994676122021,
                34.446787312459136
              ],
              [
                127.2025922416675,
                34.44492036585101
              ],
              [
                127.20085340426714,
                34.43489320960083
              ],
              [
                127.27672628695099,
                34.42368930948103
              ],
              [
                127.27498744955064,
                34.41365960585196
              ],
              [
                127.30027841044526,
                34.409924190775214
              ],
              [
                127.2985395730449,
                34.399892836293446
              ],
              [
                127.32383053393953,
                34.39615680648883
              ],
              [
                127.32209169653918,
                34.38612380146191
              ],
              [
                127.36002813788112,
                34.38051877230077
              ],
              [
                127.36176697528144,
                34.390552449057374
              ],
              [
                127.37441245572873,
                34.38868424652457
              ],
              [
                127.3761512931291,
                34.39871694466531
              ],
              [
                127.3887967735764,
                34.396848924363105
              ],
              [
                127.39053561097674,
                34.40688064377973
              ],
              [
                127.40318109142405,
                34.40501280572828
              ],
              [
                127.40491992882438,
                34.41504354631262
              ],
              [
                127.41756540927169,
                34.413175890532045
              ],
              [
                127.41930424667203,
                34.42320565217602
              ],
              [
                127.43194972711933,
                34.421338178686455
              ],
              [
                127.43368856451967,
                34.43136696128209
              ],
              [
                127.44633404496697,
                34.42949967010362
              ],
              [
                127.45328939456836,
                34.46960366316316
              ],
              [
                127.44064391412104,
                34.47147005794969
              ],
              [
                127.44238275152138,
                34.481492822875346
              ],
              [
                127.42973727107409,
                34.48335895174334
              ],
              [
                127.43147610847441,
                34.49338028843874
              ],
              [
                127.41883062802712,
                34.49524615134577
              ],
              [
                127.42578597762848,
                34.535318557220606
              ],
              [
                127.46372241897039,
                34.52972353466084
              ],
              [
                127.46546125637074,
                34.53973929738968
              ],
              [
                127.50339769771266,
                34.53414457191128
              ],
              [
                127.50165886031233,
                34.52412813615364
              ],
              [
                127.55224078210153,
                34.516667020052196
              ],
              [
                127.55397961950189,
                34.52668435310329
              ],
              [
                127.5666250999492,
                34.5248191939731
              ],
              [
                127.57531928695091,
                34.57488890675593
              ],
              [
                127.68912861097665,
                34.55811069181022
              ],
              [
                127.690867448377,
                34.568123038588276
              ],
              [
                127.7035129288243,
                34.56625880796403
              ],
              [
                127.70525176622462,
                34.5762701737897
              ],
              [
                127.71789724667194,
                34.57440612583095
              ],
              [
                127.72485259627331,
                34.61444043019725
              ],
              [
                127.73749807672063,
                34.61257723854898
              ],
              [
                127.73923691412095,
                34.62258302424938
              ],
              [
                127.77717335546286,
                34.61699387217145
              ],
              [
                127.77891219286323,
                34.626999125444776
              ],
              [
                127.80420315375783,
                34.623273264167814
              ],
              [
                127.80594199115818,
                34.63327776035544
              ],
              [
                127.81858747160547,
                34.63141499160812
              ],
              [
                127.82032630900582,
                34.64141850599548
              ],
              [
                127.84561726990043,
                34.6376932923145
              ],
              [
                127.85083378210145,
                34.66769794356589
              ],
              [
                127.83818830165413,
                34.669559897206355
              ],
              [
                127.8399271390545,
                34.67955880906014
              ],
              [
                127.82728165860718,
                34.68142049608091
              ],
              [
                127.83249817080822,
                34.71140931335788
              ],
              [
                127.84514365125554,
                34.70954830082491
              ],
              [
                127.84688248865587,
                34.71954238295279
              ],
              [
                127.88481892999778,
                34.713959768761036
              ],
              [
                127.88308009259742,
                34.70396501200139
              ],
              [
                127.93366201438666,
                34.69652004075073
              ],
              [
                127.93192317698632,
                34.686523177096134
              ],
              [
                127.95721413788092,
                34.682799990656775
              ],
              [
                127.95547530048059,
                34.67280147013286
              ],
              [
                127.9807662613752,
                34.6690776667234
              ],
              [
                127.97902742397486,
                34.659077489629155
              ],
              [
                127.99167290442217,
                34.65721530041642
              ],
              [
                127.98993406702182,
                34.6472136917498
              ],
              [
                128.00257954746914,
                34.64535123599585
              ],
              [
                128.00084071006876,
                34.635348195980804
              ],
              [
                128.0261316709634,
                34.631622709644354
              ],
              [
                128.02439283356304,
                34.62161801387696
              ],
              [
                128.03703831401035,
                34.61975498334281
              ],
              [
                128.0387771514107,
                34.62975990373282
              ],
              [
                128.08935907319992,
                34.622308261821985
              ],
              [
                128.09109791060027,
                34.6323128743646
              ],
              [
                128.10374339104754,
                34.630450083950535
              ],
              [
                128.10548222844793,
                34.6404537147054
              ],
              [
                128.1181277088952,
                34.63859110711232
              ],
              [
                128.11986654629555,
                34.64859375597385
              ],
              [
                128.13251202674286,
                34.64673133122137
              ],
              [
                128.13946737634421,
                34.68673075705025
              ],
              [
                128.12682189589694,
                34.68859228281454
              ],
              [
                128.12856073329726,
                34.69858889657892
              ],
              [
                128.11591525284996,
                34.70045015565683
              ],
              [
                128.1176540902503,
                34.710445337069764
              ],
              [
                128.10500860980298,
                34.71230632941981
              ],
              [
                128.10674744720336,
                34.722300078258606
              ],
              [
                128.05616552541412,
                34.72974272930068
              ],
              [
                128.05442668801376,
                34.719749880080144
              ],
              [
                128.01649024667188,
                34.72533210336997
              ],
              [
                128.0182290840722,
                34.73532427781931
              ],
              [
                127.98029264273029,
                34.740905449367716
              ],
              [
                127.98203148013063,
                34.75089574083187
              ],
              [
                127.96938599968331,
                34.75275582259164
              ],
              [
                127.97460251188433,
                34.7827187713034
              ],
              [
                127.98724799233165,
                34.78085936466084
              ],
              [
                127.99072566713232,
                34.80082907017158
              ],
              [
                128.00337114757966,
                34.79897007183205
              ],
              [
                128.00510998497998,
                34.80895333615455
              ],
              [
                127.99246450453269,
                34.810812109343566
              ],
              [
                127.99420334193302,
                34.82079393925108
              ],
              [
                127.96891238103842,
                34.82451090947217
              ],
              [
                127.97065121843875,
                34.834491079524945
              ],
              [
                127.95800573799146,
                34.836349276509644
              ],
              [
                127.9597445753918,
                34.846328011672966
              ],
              [
                127.94709909494448,
                34.84818594145751
              ],
              [
                127.94536025754415,
                34.83820743155369
              ],
              [
                127.92006929664952,
                34.8419236158159
              ],
              [
                127.91833045924919,
                34.83194434669579
              ],
              [
                127.90568497880187,
                34.8338026011586
              ],
              [
                127.90394614140155,
                34.82382234766064
              ],
              [
                127.89130066095423,
                34.82568078540724
              ],
              [
                127.88956182355388,
                34.81569954763487
              ],
              [
                127.87691634310659,
                34.81755816864599
              ],
              [
                127.87517750570626,
                34.80757594670277
              ],
              [
                127.86253202525894,
                34.80943475095912
              ],
              [
                127.85905435045825,
                34.78946712985202
              ],
              [
                127.82111790911634,
                34.795044641917585
              ],
              [
                127.82285674651668,
                34.80502838162968
              ],
              [
                127.78492030517477,
                34.810604840998096
              ],
              [
                127.79187565477613,
                34.85052500393682
              ],
              [
                127.81716661567074,
                34.84680920804292
              ],
              [
                127.82412196527211,
                34.886711815497925
              ],
              [
                127.83676744571942,
                34.884854755943145
              ],
              [
                127.83850628311976,
                34.894827607470035
              ],
              [
                127.91437916580361,
                34.88368572116128
              ]
            ]
          ],
          [
            [
              [
                126.46804479414766,
                34.17244474226124
              ],
              [
                126.46630595674732,
                34.16238499809273
              ],
              [
                126.54217883943116,
                34.151144695598035
              ],
              [
                126.54565651423182,
                34.17126566374988
              ],
              [
                126.4824291119953,
                34.180630454118464
              ],
              [
                126.48069027459495,
                34.170571685644454
              ],
              [
                126.46804479414766,
                34.17244474226124
              ]
            ]
          ]
        ]
      },
      "properties": {
        "name": "武州",
        "native_name": "무주",
        "year": 757,
        "source_map_label": "武州",
        "source_label_pixel": [
          447,
          750
        ],
        "map_year": 757,
        "date_precision": "reference_year",
        "boundary_basis": "digitized_published_map"
      }
    }
  ]
}
